time,sample_at,depth_deg,position,velocity,feedback_torque,command_position,command_velocity,kp,kd,feedforward_torque,estimated_torque,limited,phase
0.0,0.0,-0.010491330650153646,1.4001831082627605,0.0,0.16000081282110493,1.4,0,0,0.02,0.0,0.0,False,fall
0.001999999999995339,0.001999999999995339,-0.010491330650153646,1.4001831082627605,0.0,0.1600055106914561,1.4,0,0,0.02,0.0,0.0,False,fall
0.003999999999990678,0.003999999999990678,-0.010491330650153646,1.4001831082627605,0.0,0.16000936901344098,1.4,0,0,0.02,0.0,0.0,False,fall
0.0059999999999860165,0.0059999999999860165,0.011488007061892607,1.3997994964522775,-0.016113527122911423,0.00024108480140295905,1.3997994964522775,0,0,0.02,0.0,0.00032227054245822844,False,fall
0.007999999999981355,0.007999999999981355,0.011488007061892607,1.3997994964522775,-0.032227054245822846,0.0005596422276620576,1.3997994964522775,0,0,0.02,0.0,0.0006445410849164569,False,fall
0.009999999999976694,0.009999999999976694,0.011488007061892607,1.3997994964522775,-0.047333485923552306,0.000876927334286766,1.3997994964522775,0,0,0.02,0.0,0.0009466697184710461,False,fall
0.011999999999972033,0.011999999999972033,0.011488007061892607,1.3997994964522775,-0.06344701304646373,0.0011929452029267925,1.3997994964522775,0,0,0.02,0.0,0.0012689402609292746,False,fall
0.013999999999967372,0.013999999999967372,0.03346734477393886,1.3994158846417946,-0.07956054016937515,0.0015077008949357152,1.3994158846417946,0,0,0.02,0.0,0.001591210803387503,False,fall
0.01599999999996271,0.01599999999996271,0.03346734477393886,1.3994158846417946,-0.09466697184710461,0.001821199451452046,1.3994158846417946,0,0,0.02,0.0,0.0018933394369420923,False,fall
0.01799999999995805,0.01799999999995805,0.05544668248598511,1.3990322728313116,-0.11078049897001603,0.0021334458934799696,1.3990322728313116,0,0,0.02,0.0,0.0022156099794003207,False,fall
0.01999999999995339,0.01999999999995339,0.05544668248598511,1.3990322728313116,-0.1258869306477455,0.0024444452219697607,1.3990322728313116,0,0,0.02,0.0,0.00251773861295491,False,fall
0.021999999999948727,0.021999999999948727,0.07742602019803137,1.3986486610208286,-0.14200045777065692,0.0027542024178978768,1.3986486610208286,0,0,0.02,0.0,0.0028400091554131386,False,fall
0.023999999999944066,0.023999999999944066,0.09940535791007762,1.3982650492103457,-0.15710688944838638,0.003062722442346737,1.3982650492103457,0,0,0.02,0.0,0.0031421377889677277,False,fall
0.025999999999939405,0.025999999999939405,0.12138469562212387,1.3978814373998627,-0.17221332112611584,0.003370010236584177,1.3978814373998627,0,0,0.02,0.0,0.003444266422522317,False,fall
0.027999999999934744,0.027999999999934744,0.14336403333417014,1.3974978255893797,-0.1873197528038453,0.003676070722142589,1.3974978255893797,0,0,0.02,0.0,0.003746395056076906,False,fall
0.029999999999930083,0.029999999999930083,0.16534337104621638,1.3971142137788968,-0.20242618448157476,0.003980908800897744,1.3971142137788968,0,0,0.02,0.0,0.004048523689631495,False,fall
0.03199999999992542,0.03199999999992542,0.1873227087582499,1.396730601968414,-0.21753261615930422,0.004284529355147304,1.396730601968414,0,0,0.02,0.0,0.004350652323186085,False,fall
0.03399999999992076,0.03399999999992076,0.20930204647029615,1.396346990157931,-0.23263904783703368,0.004586937247689013,1.396346990157931,0,0,0.02,0.0,0.004652780956740674,False,fall
0.0359999999999161,0.0359999999999161,0.23128138418234243,1.395963378347448,-0.24774547951476314,0.004888137321898581,1.395963378347448,0,0,0.02,0.0,0.004954909590295263,False,fall
0.03799999999991144,0.03799999999991144,0.25326072189438864,1.3955797665369651,-0.26285191119249257,0.005188134401807257,1.3955797665369651,0,0,0.02,0.0,0.005257038223849851,False,fall
0.03999999999990678,0.03999999999990678,0.2972193973184812,1.3948125429159992,-0.27795834287022203,0.0054869332921790885,1.3948125429159992,0,0,0.02,0.0,0.005559166857404441,False,fall
0.041999999999902116,0.041999999999902116,0.3191987350305274,1.3944289311055162,-0.2930647745479515,0.005784538778587879,1.3944289311055162,0,0,0.02,0.0,0.00586129549095903,False,fall
0.043999999999897454,0.043999999999897454,0.3631574104546199,1.3936617074845503,-0.30817120622568095,0.0060809556274938285,1.3936617074845503,0,0,0.02,0.0,0.006163424124513619,False,fall
0.04599999999989279,0.04599999999989279,0.40711608587871245,1.3928944838635844,-0.32227054245822845,0.006376188586319875,1.3928944838635844,0,0,0.02,0.0,0.006445410849164569,False,fall
0.04799999999988813,0.04799999999988813,0.4290954235907587,1.3925108720531014,-0.3373769741359579,0.006670242383527736,1.3925108720531014,0,0,0.02,0.0,0.006747539482719158,False,fall
0.04999999999988347,0.04999999999988347,0.47305409901483847,1.3917436484321357,-0.3514763103685054,0.006963121728693628,1.3917436484321357,0,0,0.02,0.0,0.007029526207370108,False,fall
0.05199999999987881,0.05199999999987881,0.517012774438931,1.3909764248111698,-0.36658274204623487,0.007254831312583703,1.3909764248111698,0,0,0.02,0.0,0.007331654840924698,False,fall
0.05399999999987415,0.05399999999987415,0.5609714498630235,1.3902092011902039,-0.38068207827878237,0.007545375807229173,1.3902092011902039,0,0,0.02,0.0,0.007613641565575647,False,fall
0.05599999999986949,0.05599999999986949,0.604930125287116,1.389441977569238,-0.3957885099565118,0.007834759866001142,1.389441977569238,0,0,0.02,0.0,0.007915770199130237,False,fall
0.057999999999864826,0.057999999999864826,0.6488888007112085,1.388674753948272,-0.4098878461890593,0.00812298812368513,1.388674753948272,0,0,0.02,0.0,0.008197756923781187,False,fall
0.059999999999860165,0.059999999999860165,0.692847476135301,1.387907530327306,-0.4239871824216068,0.008410065196555301,1.387907530327306,0,0,0.02,0.0,0.008479743648432138,False,fall
0.061999999999855504,0.061999999999855504,0.7587854892714397,1.3867566948958572,-0.4380865186541543,0.008695995682448408,1.3867566948958572,0,0,0.02,0.0,0.008761730373083086,False,fall
0.06399999999985084,0.06399999999985084,0.8027441646955196,1.3859894712748915,-0.4521858548867018,0.008980784160837424,1.3859894712748915,0,0,0.02,0.0,0.009043717097734036,False,fall
0.06599999999984618,0.06599999999984618,0.846702840119612,1.3852222476539255,-0.4662851911192493,0.009264435192904883,1.3852222476539255,0,0,0.02,0.0,0.009325703822384986,False,fall
0.06799999999984152,0.06799999999984152,0.9126408532557508,1.3840714122224766,-0.4803845273517968,0.009546953321615946,1.3840714122224766,0,0,0.02,0.0,0.009607690547035936,False,fall
0.06999999999983686,0.06999999999983686,0.9565995286798433,1.3833041886015107,-0.4944838635843443,0.009828343071791144,1.3833041886015107,0,0,0.02,0.0,0.009889677271686886,False,fall
0.0719999999998322,0.0719999999998322,1.022537541815982,1.3821533531700618,-0.5085831998168918,0.010108608950178868,1.3821533531700618,0,0,0.02,0.0,0.010171663996337836,False,fall
0.07399999999982754,0.07399999999982754,1.0884755549521081,1.3810025177386132,-0.5226825360494393,0.010387755445527527,1.3810025177386132,0,0,0.02,0.0,0.010453650720988786,False,fall
0.07599999999982288,0.07599999999982288,1.1324342303762007,1.3802352941176472,-0.5367818722819868,0.010665787028657456,1.3802352941176472,0,0,0.02,0.0,0.010735637445639736,False,fall
0.07799999999981821,0.07799999999981821,1.1983722435123394,1.3790844586861983,-0.5508812085145343,0.010942708152532515,1.3790844586861983,0,0,0.02,0.0,0.011017624170290686,False,fall
0.07999999999981355,0.07999999999981355,1.264310256648478,1.3779336232547494,-0.5639734493018999,0.01121852325233141,1.3779336232547494,0,0,0.02,0.0,0.011279468986037997,False,fall
0.08199999999980889,0.08199999999980889,1.330248269784617,1.3767827878233005,-0.5780727855344473,0.011493236745518722,1.3767827878233005,0,0,0.02,0.0,0.011561455710688947,False,fall
0.08399999999980423,0.08399999999980423,1.396186282920743,1.3756319523918519,-0.5921721217669949,0.011766853031915667,1.3756319523918519,0,0,0.02,0.0,0.011843442435339897,False,fall
0.08599999999979957,0.08599999999979957,1.4621242960568817,1.374481116960403,-0.6052643625543603,0.012039376493770551,1.374481116960403,0,0,0.02,0.0,0.012105287251087208,False,fall
0.08799999999979491,0.08799999999979491,1.5500416469050666,1.3729466697184711,-0.6193636987869078,0.012310811495828963,1.3729466697184711,0,0,0.02,0.0,0.012387273975738156,False,fall
0.08999999999979025,0.08999999999979025,1.6159796600412055,1.3717958342870222,-0.6324559395742734,0.012581162385403686,1.3717958342870222,0,0,0.02,0.0,0.012649118791485468,False,fall
0.09199999999978559,0.09199999999978559,1.6819176731773315,1.3706449988555736,-0.6455481803616389,0.012850433492444316,1.3706449988555736,0,0,0.02,0.0,0.012910963607232777,False,fall
0.09399999999978093,0.09399999999978093,1.7698350240255165,1.3691105516136417,-0.6596475165941864,0.013118629129606612,1.3691105516136417,0,0,0.02,0.0,0.013192950331883729,False,fall
0.09599999999977626,0.09599999999977626,1.8357730371616552,1.3679597161821928,-0.6727397573815519,0.013385753592321565,1.3679597161821928,0,0,0.02,0.0,0.013454795147631038,False,fall
0.0979999999997716,0.0979999999997716,1.9236903880098404,1.366425268940261,-0.6858319981689175,0.013651811158864205,1.366425268940261,0,0,0.02,0.0,0.01371663996337835,False,fall
0.09999999999976694,0.09999999999976694,1.9896284011459664,1.3652744335088123,-0.698924238956283,0.013916806090422108,1.3652744335088123,0,0,0.02,0.0,0.01397848477912566,False,fall
0.10199999999976228,0.10199999999976228,2.077545751994151,1.3637399862668804,-0.7120164797436485,0.014180742631163654,1.3637399862668804,0,0,0.02,0.0,0.01424032959487297,False,fall
0.10399999999975762,0.10399999999975762,2.1654631028423363,1.3622055390249486,-0.725108720531014,0.014443625008305996,1.3622055390249486,0,0,0.02,0.0,0.01450217441062028,False,fall
0.10599999999975296,0.10599999999975296,2.2533804536905215,1.3606710917830167,-0.7382009613183795,0.014705457432182765,1.3606710917830167,0,0,0.02,0.0,0.014764019226367591,False,fall
0.1079999999997483,0.1079999999997483,2.3193184668266476,1.359520256351568,-0.7512932021057451,0.014966244096311504,1.359520256351568,0,0,0.02,0.0,0.015025864042114903,False,fall
0.10999999999974364,0.10999999999974364,2.4072358176748323,1.3579858091096362,-0.7643854428931106,0.015225989177460826,1.3579858091096362,0,0,0.02,0.0,0.015287708857862212,False,fall
0.11199999999973898,0.11199999999973898,2.4951531685230175,1.3564513618677043,-0.7774776836804762,0.015484696835717317,1.3564513618677043,0,0,0.02,0.0,0.015549553673609525,False,fall
0.11399999999973431,0.11399999999973431,2.58307051937119,1.3549169146257727,-0.7905699244678417,0.01574237121455216,1.3549169146257727,0,0,0.02,0.0,0.015811398489356834,False,fall
0.11599999999972965,0.11599999999972965,2.692967207931421,1.3529988555733579,-0.8026550698100252,0.015999016440887495,1.3529988555733579,0,0,0.02,0.0,0.016053101396200503,False,fall
0.11799999999972499,0.11799999999972499,2.780884558779606,1.351464408331426,-0.8157473105973908,0.016254636625162522,1.351464408331426,0,0,0.02,0.0,0.016314946211947817,False,fall
0.11999999999972033,0.11999999999972033,2.8688019096277784,1.3499299610894944,-0.8288395513847563,0.01650923586139933,1.3499299610894944,0,0,0.02,0.0,0.016576791027695124,False,fall
0.12199999999971567,0.12199999999971567,2.9786985981880094,1.3480119020370795,-0.8409246967269399,0.016762818227268467,1.3480119020370795,0,0,0.02,0.0,0.016818493934538797,False,fall
0.12399999999971101,0.12399999999971101,3.0666159490361946,1.3464774547951477,-0.8540169375143054,0.017015387784154245,1.3464774547951477,0,0,0.02,0.0,0.017080338750286108,False,fall
0.12599999999970635,0.12599999999970635,3.154533299884367,1.344943007553216,-0.866102082856489,0.017266948577219797,1.344943007553216,0,0,0.02,0.0,0.01732204165712978,False,fall
0.12799999999970169,0.12799999999970169,3.264429988444598,1.3430249485008012,-0.8791943236438545,0.017517504635471855,1.3430249485008012,0,0,0.02,0.0,0.01758388647287709,False,fall
0.12999999999969702,0.12999999999969702,3.3743266770048295,1.3411068894483864,-0.891279468986038,0.01776705997182528,1.3411068894483864,0,0,0.02,0.0,0.01782558937972076,False,fall
0.13199999999969236,0.13199999999969236,3.462244027853002,1.3395724422064548,-0.9043717097734036,0.018015618583167338,1.3395724422064548,0,0,0.02,0.0,0.018087434195468072,False,fall
0.1339999999996877,0.1339999999996877,3.572140716413233,1.33765438315404,-0.9164568551155872,0.018263184450421712,1.33765438315404,0,0,0.02,0.0,0.018329137102311745,False,fall
0.13599999999968304,0.13599999999968304,3.6820374049734643,1.3357363241016251,-0.9285420004577708,0.01850976153861225,1.3357363241016251,0,0,0.02,0.0,0.018570840009155418,False,fall
0.13799999999967838,0.13799999999967838,3.7919340935336825,1.3338182650492105,-0.9406271457999543,0.018755353796926496,1.3338182650492105,0,0,0.02,0.0,0.018812542915999087,False,fall
0.13999999999967372,0.13999999999967372,3.901830782093914,1.3319002059967957,-0.9527122911421378,0.018999965158778914,1.3319002059967957,0,0,0.02,0.0,0.019054245822842757,False,fall
0.14199999999966906,0.14199999999966906,4.0117274706541455,1.3299821469443809,-0.9647974364843215,0.01924359954187389,1.3299821469443809,0,0,0.02,0.0,0.01929594872968643,False,fall
0.1439999999996644,0.1439999999996644,4.121624159214364,1.3280640878919663,-0.976882581826505,0.01948626084826849,1.3280640878919663,0,0,0.02,0.0,0.0195376516365301,False,fall
0.14599999999965974,0.14599999999965974,4.231520847774595,1.3261460288395515,-0.9889677271686886,0.01972795296443495,1.3261460288395515,0,0,0.02,0.0,0.019779354543373772,False,fall
0.14799999999965507,0.14799999999965507,4.341417536334826,1.3242279697871366,-1.0010528725108723,0.01996867976132291,1.3242279697871366,0,0,0.02,0.0,0.020021057450217445,False,fall
0.1499999999996504,0.1499999999996504,4.451314224895045,1.322309910734722,-1.0131380178530558,0.020208445094421438,1.322309910734722,0,0,0.02,0.0,0.020262760357061118,False,fall
0.15199999999964575,0.15199999999964575,4.583190251167323,1.3200082398718243,-1.0252231631952393,0.020447252803820745,1.3200082398718243,0,0,0.02,0.0,0.020504463263904787,False,fall
0.1539999999996411,0.1539999999996411,4.693086939727541,1.3180901808194097,-1.0373083085374228,0.02068510671427372,1.3180901808194097,0,0,0.02,0.0,0.020746166170748457,False,fall
0.15599999999963643,0.15599999999963643,4.824962965999818,1.3157885099565119,-1.0493934538796064,0.020922010635257168,1.3157885099565119,0,0,0.02,0.0,0.020987869077592126,False,fall
0.15799999999963177,0.15799999999963177,4.93485965456005,1.313870450904097,-1.060471503776608,0.02115796836103283,1.313870450904097,0,0,0.02,0.0,0.021209430075532158,False,fall
0.1599999999996271,0.1599999999996271,5.0667356808323145,1.3115687800411995,-1.0725566491187917,0.021392983670708153,1.3115687800411995,0,0,0.02,0.0,0.021451132982375835,False,fall
0.16199999999962245,0.16199999999962245,5.176632369392546,1.3096507209887847,-1.0846417944609752,0.021627060328296803,1.3096507209887847,0,0,0.02,0.0,0.021692835889219504,False,fall
0.16399999999961778,0.16399999999961778,5.308508395664811,1.307349050125887,-1.0957198443579768,0.02186020208277897,1.307349050125887,0,0,0.02,0.0,0.021914396887159536,False,fall
0.16599999999961312,0.16599999999961312,5.440384421937088,1.3050473792629893,-1.1078049897001603,0.022092412668161403,1.3050473792629893,0,0,0.02,0.0,0.022156099794003205,False,fall
0.16799999999960846,0.16799999999960846,5.572260448209353,1.3027457084000917,-1.1188830395971618,0.02232369580353721,1.3027457084000917,0,0,0.02,0.0,0.022377660791943237,False,fall
0.1699999999996038,0.1699999999996038,5.682157136769584,1.300827649347677,-1.1309681849393456,0.022554055193145423,1.300827649347677,0,0,0.02,0.0,0.022619363698786914,False,fall
0.17199999999959914,0.17199999999959914,5.814033163041862,1.2985259784847791,-1.1420462348363472,0.022783494526430338,1.2985259784847791,0,0,0.02,0.0,0.022840924696726942,False,fall
0.17399999999959448,0.17399999999959448,5.9459091893141265,1.2962243076218816,-1.1531242847333487,0.023012017478100583,1.2962243076218816,0,0,0.02,0.0,0.023062485694666974,False,fall
0.17599999999958982,0.17599999999958982,6.077785215586404,1.2939226367589838,-1.1652094300755322,0.023239627708187993,1.2939226367589838,0,0,0.02,0.0,0.023304188601510647,False,fall
0.17799999999958516,0.17799999999958516,6.209661241858669,1.2916209658960862,-1.1762874799725338,0.023466328862106225,1.2916209658960862,0,0,0.02,0.0,0.023525749599450675,False,fall
0.1799999999995805,0.1799999999995805,6.363516605842992,1.2889356832227055,-1.1873655298695356,0.02369212457070912,1.2889356832227055,0,0,0.02,0.0,0.023747310597390714,False,fall
0.18199999999957583,0.18199999999957583,6.495392632115258,1.286634012359808,-1.1984435797665371,0.0239170184503489,1.286634012359808,0,0,0.02,0.0,0.023968871595330742,False,fall
0.18399999999957117,0.18399999999957117,6.627268658387535,1.2843323414969101,-1.2095216296635387,0.024141014102934052,1.2843323414969101,0,0,0.02,0.0,0.024190432593270774,False,fall
0.1859999999995665,0.1859999999995665,6.7591446846598,1.2820306706340125,-1.2205996795605403,0.024364115115987014,1.2820306706340125,0,0,0.02,0.0,0.024411993591210806,False,fall
0.18799999999956185,0.18799999999956185,6.913000048644124,1.2793453879606318,-1.2316777294575418,0.024586325062701666,1.2793453879606318,0,0,0.02,0.0,0.024633554589150838,False,fall
0.1899999999995572,0.1899999999995572,7.044876074916388,1.2770437170977342,-1.2427557793545434,0.024807647502000516,1.2770437170977342,0,0,0.02,0.0,0.02485511558709087,False,fall
0.19199999999955253,0.19199999999955253,7.198731438900712,1.2743584344243535,-1.2538338292515452,0.025028085978591744,1.2743584344243535,0,0,0.02,0.0,0.025076676585030905,False,fall
0.19399999999954787,0.19399999999954787,7.330607465172977,1.272056763561456,-1.2649118791485467,0.02524764402302594,1.272056763561456,0,0,0.02,0.0,0.025298237582970937,False,fall
0.1959999999995432,0.1959999999995432,7.484462829157301,1.2693714808880752,-1.2759899290455483,0.025466325151752647,1.2693714808880752,0,0,0.02,0.0,0.02551979858091097,False,fall
0.19799999999953855,0.19799999999953855,7.638318193141612,1.2666861982146946,-1.2870679789425499,0.02568413286717671,1.2589637903410393,-1.2870679789425499,40.0,1.8,0.1338617532615519,-0.17503456168466017,False,catch
0.19999999999953388,0.19999999999953388,7.792173557125936,1.2640009155413139,-1.2981460288395514,0.025901070657714353,1.2563930615521928,-1.2819882393110997,40.0,1.8,0.23431758399128044,-0.040912554422351144,False,catch
0.20199999999952922,0.20199999999952922,7.9240495833982,1.2616992446784163,-1.3082169832913713,0.02611714199784906,1.2538422795548643,-1.2672452430936039,40.0,1.8,0.3275233396998943,0.08699386711379353,False,catch
0.20399999999952456,0.20399999999952456,8.077904947382525,1.2590139620050356,-1.3112382696269171,0.15154547340483382,1.2513300265282106,-1.2435833243053442,40.0,1.8,0.4134641337070878,0.2278856162129191,False,catch
0.2059999999995199,0.2059999999995199,8.231760311366834,1.256328679331655,-1.3021744106202793,0.25226841687325585,1.2488733959833582,-1.2117468169616028,40.0,1.8,0.49212507933255545,0.35668341398630055,False,catch
0.20799999999951524,0.20799999999951524,8.38561567535116,1.2536433966582743,-1.284046692607004,0.34467796199585865,1.2464879927634023,-1.172480055077661,40.0,1.8,0.5634912898959913,0.4780950816539281,False,catch
0.20999999999951058,0.20999999999951058,8.517491701623436,1.2513417257953765,-1.256855115587091,0.4289558206025376,1.2441879330434082,-1.126527372668801,40.0,1.8,0.6275478787170903,0.5759861058912821,False,catch
0.21199999999950592,0.21199999999950592,8.671347065607748,1.248656443121996,-1.2205996795605403,0.5052624129998794,1.2419858443304106,-1.0746331037503043,40.0,1.8,0.684279959115546,0.6801958439105555,False,catch
0.21399999999950126,0.21399999999950126,8.803223091880024,1.2463547722590982,-1.1772945754177158,0.5737393456174171,1.2398928654634134,-1.017541582337453,40.0,1.8,0.7336726444110533,0.762751760128134,False,catch
0.2159999999994966,0.2159999999994966,8.935099118152289,1.2440531013962006,-1.1279468986037997,0.6345116080323788,1.2379186466133898,-0.9559971424455289,40.0,1.8,0.7757110479233069,0.8398424176957613,False,catch
0.21799999999949193,0.21799999999949193,9.066975144424568,1.2417514305333028,-1.0725566491187917,0.6876895206625564,1.2360713492832827,-0.8907441180898135,40.0,1.8,0.8103802829720002,0.9104395888233541,False,catch
0.21999999999948727,0.21999999999948727,9.176871832984785,1.2398333714808882,-1.0121309224078738,0.7333704609609303,1.2343576463080044,-0.822526843285589,40.0,1.8,0.8376654628768282,0.9599237983815866,False,catch
0.2219999999994826,0.2219999999994826,9.286768521545017,1.2379153124284734,-0.947676813916228,0.7716403928687533,1.2327827218544367,-0.752089652048137,40.0,1.8,0.8575517009574853,1.0043049693585813,False,catch
0.22399999999947795,0.22399999999947795,9.396665210105247,1.2359972533760586,-0.8791943236438545,0.8025752215452816,1.2313502714214308,-0.6801768783927395,40.0,1.8,0.8700241105336655,1.0423762338005622,False,catch
0.2259999999994733,0.2259999999994733,9.48458256095342,1.234462806134127,-0.8086976424811171,0.8262419929546478,1.2300625018398073,-0.6075328563346781,40.0,1.8,0.8750678049250638,1.0611522482158657,False,catch
0.22799999999946863,0.22799999999946863,9.572499911801605,1.232928358892195,-0.7361867704280156,0.8426999557209591,1.228920131272356,-0.5349019198892351,40.0,1.8,0.872667897451374,1.0746515236276193,False,catch
0.22999999999946397,0.22999999999946397,9.66041726264979,1.2313939116502632,-0.6626688029297323,0.852001500731827,1.2279223892138367,-0.4630284030716919,40.0,1.8,0.8628095014322903,1.0833013237197004,False,catch
0.2319999999994593,0.2319999999994593,9.726355275785917,1.2302430762188146,-0.5891508354314489,0.854192992252537,1.2270670164909783,-0.39265663989733013,40.0,1.8,0.8454777301875078,1.0721248930354694,False,catch
0.23399999999945464,0.23399999999945464,9.792293288922055,1.2290922407873657,-0.5156328679331655,0.8493155027837833,1.2263502652624787,-0.324530964381432,40.0,1.8,0.8206576970367199,1.0549621024343614,False,catch
0.23599999999944998,0.23599999999944998,9.836251964346149,1.2283250171663997,-0.4441290913252461,0.8374054625358457,1.2257668990190063,-0.2593957105392794,40.0,1.8,0.788334515299622,1.0185298748186224,False,catch
0.23799999999944532,0.23799999999944532,9.88021063977024,1.2275577935454338,-0.37363241016250864,0.8184952331814841,1.2253101925831982,-0.19799521238615408,40.0,1.8,0.7484932982959078,0.9747362158039203,False,catch
0.23999999999944066,0.23999999999944066,9.924169315194332,1.2267905699244679,-0.30615701533531703,0.7926136144729006,1.2249719321096606,-0.14107380393733754,40.0,1.8,0.7011191593452716,0.925523427269343,False,catch
0.241999999999436,0.241999999999436,9.946148652906379,1.226406958113985,-0.24170290684367135,0.7597862913507137,1.2247424150849704,-0.089375819208112,40.0,1.8,0.6461972117674081,0.8538042483508338,False,catch
0.24399999999943134,0.24399999999943134,9.968127990618425,1.226023346303502,-0.18228427557793547,0.7200362283200481,1.2246104503276725,-0.04364559221375881,40.0,1.8,0.5837125688820117,0.7767463599043498,False,catch
0.24599999999942668,0.24599999999942668,9.990107328330472,1.225639734493019,-0.12689402609292746,0.6733840171118001,1.2245633579882822,-0.004627456969560536,40.0,1.8,0.5136503440087765,0.6906751082413651,False,catch
0.24799999999942202,0.24799999999942202,10.012086666042505,1.2252561226825363,-0.07754634927901122,0.6198481829727481,1.2245891107822557,0.030651844280420407,40.0,1.8,0.5224757981101769,0.6905520705059334,False,withdrawal
0.24999999999941735,0.24999999999941735,10.012086666042505,1.2252561226825363,-0.03524834058136874,0.559445454328723,1.2246872916680953,0.06784688735736359,40.0,1.8,0.5422911552935719,0.7051093250056524,False,withdrawal
0.2519999999994127,0.2519999999994127,10.012086666042505,1.2252561226825363,0.001007095445181964,0.492191000032815,1.2248617081182458,0.10685675196206057,40.0,1.8,0.5603034111259243,0.7350562102846875,False,withdrawal
0.25399999999940803,0.25399999999940803,10.012086666042505,1.2252561226825363,0.03726253147173267,0.4990674218009524,1.225115807252846,0.14749962360843832,40.0,1.8,0.5765514351592402,0.7693655838177034,False,withdrawal
0.25599999999940337,0.25599999999940337,10.012086666042505,1.2252561226825363,0.0755321583886473,0.5172249717981867,1.2254526768136471,0.18959793839459663,40.0,1.8,0.5910741819572081,0.8042547512123512,False,withdrawal
0.2579999999993987,0.2579999999993987,9.990107328330472,1.225639734493019,0.11581597619592586,0.533461588849641,1.2258750536651801,0.2329783830028079,40.0,1.8,0.6039106910952006,0.8242157902340335,False,withdrawal
0.25999999999939405,0.25999999999939405,9.968127990618425,1.226023346303502,0.15811398489356834,0.5478475406768861,1.2263853322959246,0.27747189469951716,40.0,1.8,0.6151000871602732,0.8444237645078871,False,withdrawal
0.2619999999993894,0.2619999999993894,9.946148652906379,1.226406958113985,0.2004119935912108,0.5604493485035644,1.2269855733194774,0.3229136613353423,40.0,1.8,0.6246815797511654,0.8683291899103028,False,withdrawal
0.2639999999993847,0.2639999999993847,9.924169315194332,1.2267905699244679,0.24472419317921723,0.5713302287227909,1.2276775119757213,0.36914312134507354,40.0,1.8,0.6326944634783003,0.8921262162269772,False,withdrawal
0.26599999999938007,0.26599999999938007,9.902189977482287,1.2271741817349509,0.29105058365758757,0.5805504838511064,1.2284625666319922,0.4160039637476741,40.0,1.8,0.6391781179637832,0.9156295980075912,False,withdrawal
0.2679999999993754,0.2679999999993754,9.858231302058194,1.2279414053559168,0.3373769741359579,0.5881678484691217,1.2293418472842481,0.46334412814627995,40.0,1.8,0.6441720078414044,0.9269305621932373,False,withdrawal
0.26999999999937074,0.26999999999937074,9.814272626634102,1.2287086289768827,0.38370336461432825,0.5942377952161896,1.2303161640582378,0.5110158047281994,40.0,1.8,0.6477156827566366,0.9411794782158103,False,withdrawal
0.2719999999993661,0.2719999999993661,9.770313951210008,1.2294758525978486,0.43103685053788054,0.598813805343591,1.2313860357106685,0.5588754342649136,40.0,1.8,0.6498487773666367,0.9563655525880913,False,withdrawal
0.2739999999993614,0.2739999999993614,9.726355275785917,1.2302430762188146,0.47937743190661486,0.6019476078296397,1.232551698130375,0.6067837081120766,40.0,1.8,0.6506110113402446,0.9722871849724937,False,withdrawal
0.27599999999935676,0.27599999999935676,9.66041726264979,1.2313939116502632,0.5277180132753491,0.6036893906146245,1.2338131128394874,0.6546055682095148,40.0,1.8,0.6500421893579836,0.9752078358084465,False,withdrawal
0.2779999999993521,0.2779999999993521,9.594479249513652,1.2325447470817121,0.5760585946440834,0.6040879871166877,1.235169975494599,0.7022102070812273,40.0,1.8,0.6481822011120605,0.9802642400143965,False,withdrawal
0.27999999999934744,0.27999999999934744,9.528541236377514,1.233695582513161,0.6243991760128177,0.6031910408373935,1.2366217243879365,0.7494710678353863,40.0,1.8,0.6450710213063657,0.9872461015780081,False,withdrawal
0.2819999999993428,0.2819999999993428,9.440623885529329,1.2352300297550929,0.6727397573815519,0.6010451505516208,1.2381675489485262,0.7962658441643361,40.0,1.8,0.6407487096564735,0.9805964336028179,False,withdrawal
0.2839999999993381,0.2839999999993381,9.374685872393203,1.2363808651865416,0.7200732433051042,0.5976959982976688,1.2398063982433634,0.8424764803445941,40.0,1.8,0.6352554108896404,0.9926025598335944,False,withdrawal
0.28599999999933345,0.28599999999933345,9.286768521545017,1.2379153124284734,0.7674067292286565,0.5931884621351788,1.2415369894785806,0.8879891712368501,40.0,1.8,0.6286313547448077,0.9905468323638436,False,withdrawal
0.2879999999993288,0.2879999999993288,9.198851170696832,1.2394497596704053,0.8137331197070269,0.5875667154177184,1.2433578165006163,0.932694362285967,40.0,1.8,0.6209168559725992,0.9913693658231316,False,withdrawal
0.28999999999932413,0.28999999999932413,9.088954482136613,1.2413678187228199,0.8600595101853972,0.5808743141307607,1.2452671582973822,0.9764867495209798,40.0,1.8,0.6121523143353225,0.977694928121865,False,withdrawal
0.29199999999931947,0.29199999999931947,9.00103713128843,1.2429022659647517,0.9053788052185856,0.5731542736714743,1.247263087499433,1.0192652795550965,40.0,1.8,0.602378214606969,0.9818067297999412,False,withdrawal
0.2939999999993148,0.2939999999993148,8.891140442728197,1.2448203250171666,0.949691004806592,0.5644491362911959,1.2493434788811333,1.0609331495856982,40.0,1.8,0.5916351265732129,0.9727971417342736,False,withdrawal
0.29599999999931015,0.29599999999931015,8.781243754167978,1.2467383840695812,0.9929961089494165,0.554801030284317,1.2515060178618271,1.1013978073943376,40.0,1.8,0.5799637050314125,0.9657921139221098,False,withdrawal
0.2979999999993055,0.2979999999993055,8.6493677278957,1.249040054932479,1.035294117647059,0.544251721884088,1.2537482090070056,1.1405709513467412,40.0,1.8,0.567404689790609,0.9452291534311023,False,withdrawal
0.2999999999993008,0.2999999999993008,8.539471039335469,1.2509581139848938,1.0765850308995195,0.5328426607176369,1.2560673845294752,1.1783685303928075,40.0,1.8,0.5539989056715275,0.9415800265427032,False,withdrawal
0.30199999999929616,0.30199999999929616,8.407595013063204,1.2532597848477913,1.116868848706798,0.5206150195753197,1.258460712790527,1.2147107440666078,40.0,1.8,0.5397872625065762,0.9239397918636593,False,withdrawal
0.3039999999992915,0.3039999999992915,8.275718986790928,1.2555614557106891,1.1551384756237126,0.5076097291637761,1.2609252068011034,1.2495220424863864,40.0,1.8,0.5248107551398464,0.9092512191092319,False,withdrawal
0.30599999999928684,0.30599999999928684,8.143842960518663,1.2578631265735867,1.1924010070954454,0.4938675084359131,1.2634577327229688,1.28273112635456,40.0,1.8,0.5091104634271141,0.8954889240688052,False,withdrawal
0.3079999999992822,0.3079999999992822,8.011966934246384,1.2601647974364845,1.228656443121996,0.47942889102290576,1.2660550183698758,1.3142709469577178,40.0,1.8,0.49272755223583775,0.8824424964757897,False,withdrawal
0.3099999999992775,0.3099999999992775,7.858111570262074,1.262850080109865,1.2618905928130009,0.4643342482334528,1.268713661708734,1.3440787061666228,40.0,1.8,0.47570327144515956,0.8581851394364398,False,withdrawal
0.31199999999927286,0.31199999999927286,7.70425620627775,1.2655353627832457,1.2941176470588236,0.44862380903199545,1.2714301393607794,1.3720958564362087,40.0,1.8,0.45807895594590486,0.8342307959265451,False,withdrawal
0.3139999999992682,0.3139999999992682,7.572380180005486,1.2678370336461433,1.3253376058594646,0.43233767736008777,1.2742008151027417,1.3982681008055833,40.0,1.8,0.43989602564058317,0.8257221748075344,False,withdrawal
0.31599999999926354,0.31599999999926354,7.418524816021161,1.270522316319524,1.3545433737697414,0.41551584712323303,1.2770219483680132,1.422545392898027,40.0,1.8,0.42119598544338654,0.803584901813866,False,withdrawal
0.3179999999992589,0.3179999999992589,7.242690114324804,1.2735912108033876,1.3817349507896546,0.3981982151280612,1.2798897027478169,1.4448819369209924,40.0,1.8,0.40202042528019144,0.7676246780937727,False,withdrawal
0.3199999999992542,0.3199999999992542,7.088834750340481,1.2762764934767683,1.4069123369192036,0.3804245922214449,1.2828001544923744,1.465236187666105,40.0,1.8,0.38241102008855665,0.7483403920572227,False,withdrawal
0.32199999999924955,0.32199999999924955,6.9349793863561695,1.2789617761501488,1.430075532158389,0.36223471285423875,1.2857493010120755,1.4835708505091634,40.0,1.8,0.36240952981772545,0.7302020973261869,False,withdrawal
0.3239999999992449,0.3239999999992449,6.7591446846598,1.2820306706340125,1.45122453650721,0.34366824326572776,1.2887330693786452,1.499852881410138,40.0,1.8,0.34205779942862424,0.6976847700391997,False,withdrawal
0.32599999999924023,0.32599999999924023,6.605289320675489,1.284715953307393,1.4703593499656673,0.3247647884622148,1.2917473248263127,1.5140534869131728,40.0,1.8,0.3213977588938628,0.6813020661561582,False,withdrawal
0.32799999999923557,0.32799999999923557,6.429454618979131,1.2877848477912566,1.4874799725337609,0.3055638981426757,1.29478787925298,1.5261481241465835,40.0,1.8,0.3004714231977339,0.6501953545697474,False,withdrawal
0.3299999999992309,0.3299999999992309,6.253619917282761,1.2908537422751203,1.5025864042114903,0.28610507170593025,1.2978504997213893,1.5361165008228597,40.0,1.8,0.2793208923362147,0.6195453640874413,False,withdrawal
0.33199999999922625,0.33199999999922625,6.077785215586404,1.2939226367589838,1.5156786449988557,0.26642776245833016,1.3009309169602925,1.5439425752386622,40.0,1.8,0.2579883513169654,0.589194633800966,False,withdrawal
0.3339999999992216,0.3339999999992216,5.901950513890034,1.2969915312428475,1.5267566948958573,0.2465713811262436,1.304024833865619,1.549614556274826,40.0,1.8,0.23651607015932918,0.5589923255523359,False,withdrawal
0.3359999999992169,0.3359999999992169,5.726115812193677,1.300060425726711,1.535820553902495,0.22657529876534968,1.3071279340016435,1.5531249033963581,40.0,1.8,0.2149464038943334,0.5287945639805879,False,withdrawal
0.33799999999921226,0.33799999999921226,5.550281110497306,1.3031293202105747,1.5418631265735867,0.20647884914741083,1.3102358901021556,1.5544703266524378,40.0,1.8,0.1933217925646885,0.5002775483698554,False,withdrawal
0.3399999999992076,0.3399999999992076,5.374446408800949,1.3061982146944382,1.5468986037994967,0.1863213306957447,1.3133443725716267,1.553651786676417,40.0,1.8,0.17168476122478832,0.46968680549078606,False,withdrawal
0.34199999999920294,0.34199999999920294,5.198611707104592,1.3092671091783017,1.5489127946898607,0.16614200803134951,1.3164490579863797,1.550674494685822,40.0,1.8,0.15007791994071096,0.4405269322565608,False,withdrawal
0.3439999999991983,0.3439999999991983,5.022777005408222,1.3123360036621654,1.5489127946898607,0.1459801131846249,1.3195456375957562,1.5455479124823486,40.0,1.8,0.12854396379021615,0.41087253316032457,False,withdrawal
0.3459999999991936,0.3459999999991936,4.846942303711865,1.315404898146029,1.5468986037994967,0.12587484652011552,1.3226298258232858,1.5382857524518694,40.0,1.8,0.10712567286274866,0.3806196475272958,False,withdrawal
0.34799999999918896,0.34799999999918896,4.6711076020154945,1.3184737926298926,1.5428702220187687,0.10586537741653283,1.325697368767854,1.5289059775644265,40.0,1.8,0.08586591225943663,0.34967331776007343,False,withdrawal
0.3499999999991843,0.3499999999991843,4.495272900319137,1.321542687113756,1.536827649347677,0.0859908447382324,1.3287440527048702,1.5174308013742346,40.0,1.8,0.06480763209309098,0.3179479293854573,False,withdrawal
0.35199999999917964,0.35199999999917964,4.31943819862278,1.3246115815976196,1.5287708857862212,0.0662903571303057,1.3317657125874365,1.5038866880196835,40.0,1.8,0.04399386748820644,0.28536755110111356,False,withdrawal
0.353999999999175,0.353999999999175,4.14360349692641,1.3276804760814833,1.5176928358892197,0.04680299316494654,1.334758240547516,1.4883043522233335,40.0,1.8,0.02346773858096146,0.25367904662367424,False,withdrawal
0.3559999999991703,0.3559999999991703,3.967768795230053,1.3307493705653468,1.5056076905470361,0.027567801363204213,1.3377175943971018,1.4707187592919193,40.0,1.8,0.0032724505192170406,0.2192013275302065,False,withdrawal
0.35799999999916565,0.35799999999916565,3.7919340935336825,1.3338182650492105,1.4905012588693067,0.008623800113407777,1.3406398061293832,1.4511691251163468,40.0,1.8,-0.016548706537481528,0.18551509591409585,False,withdrawal
0.359999999999161,0.359999999999161,3.6160993918373254,1.336887159533074,1.4743877317463951,-0.009990022495909023,1.3435209904199168,1.4296989161716949,40.0,1.8,-0.03595235741790602,0.14896101002134438,False,withdrawal
0.36199999999915633,0.36199999999915633,3.462244027853002,1.3395724422064548,1.4562600137331199,-0.028234708912502557,1.3463573531277928,1.4063558495172153,40.0,1.8,-0.05489504193914396,0.1266738993257493,False,withdrawal
0.36399999999915167,0.36399999999915167,3.2864093261566443,1.3426413366903183,1.4351110093842987,-0.04607133241308767,1.3491451997968043,1.3811918927963331,40.0,1.8,-0.07333321490659973,0.08976689949450166,False,withdrawal
0.365999999999147,0.365999999999147,3.1325539621723335,1.3453266193636988,1.4129549095902953,-0.06346099744001626,1.3518809441566153,1.354263264236645,40.0,1.8,-0.09122324611399507,0.06530478396609474,False,withdrawal
0.36799999999914235,0.36799999999914235,2.9786985981880094,1.3480119020370795,1.3887846189059283,-0.08036483997247978,1.3545611166239293,1.3256304326499215,40.0,1.8,-0.10852142034336795,0.03976962786981028,False,withdrawal
0.3699999999991377,0.3699999999991377,2.8028638964916524,1.351080796520943,1.3626001373311971,-0.09674402792317607,1.3571823728036576,1.2953581174321052,40.0,1.8,-0.12518393736507225,-0.0021565218748549053,False,withdrawal
0.371999999999133,0.371999999999133,2.6490085325073283,1.3537660791943238,1.3344014648661022,-0.11255976155335043,1.3597415019900876,1.263515288563311,40.0,1.8,-0.14116691193777794,-0.029745117452250364,False,withdrawal
0.37399999999912836,0.37399999999912836,2.517132506235064,1.3560677500572214,1.3051956969558254,-0.1277732739000185,1.3622354356680506,1.2301751666078276,40.0,1.8,-0.156426373808474,-0.0447559040016999,False,withdrawal
0.3759999999991237,0.3759999999991237,2.3632771422507397,1.358753032730602,1.2739757381551844,-0.1423458312099494,1.3646612560140912,1.1954152227141126,40.0,1.8,-0.17091826771246266,-0.07599826416682964,False,withdrawal
0.37799999999911904,0.37799999999911904,2.209421778266429,1.3614383154039826,1.2417486839093614,-0.15623873337623925,1.3670162043976348,1.159317178614801,40.0,1.8,-0.1845984533733653,-0.10985960315748625,False,withdrawal
0.3799999999991144,0.3799999999991144,2.077545751994151,1.3637399862668804,1.2075074387731748,-0.16941331437353319,1.3692976898821563,1.1219670066267013,40.0,1.8,-0.1974227055031182,-0.1290873387557362,False,withdrawal
0.3819999999991097,0.3819999999991097,1.9456697257218865,1.366041657129778,1.172259098191806,-0.18183094268907968,1.3715032977263486,1.08345492965079,40.0,1.8,-0.20934671380197573,-0.15072859331297978,False,withdrawal
0.38399999999910506,0.38399999999910506,1.813793699449609,1.3683433279926758,1.1360036621652554,-0.19345302174699894,1.3736307978852902,1.0438754211722183,40.0,1.8,-0.2203260829585085,-0.17465812104139858,False,withdrawal
0.3859999999991004,0.3859999999991004,1.6819176731773315,1.3706449988555736,1.0977340352483407,-0.20424099032380294,1.3756781535116147,1.0033272052603075,40.0,1.8,-0.23031633264960152,-0.19892244038641524,False,withdrawal
0.38799999999909573,0.38799999999909573,1.5500416469050666,1.3729466697184711,1.058457312886244,-0.21415632295347214,1.377643529456678,0.9619132565685601,40.0,1.8,-0.2392728975404573,-0.22517780938401308,False,withdrawal
0.3899999999990911,0.3899999999990911,1.4401449583448354,1.374864728770886,1.0191805905241476,-0.22316053032097793,1.3795253007717279,0.9197408003346421,40.0,1.8,-0.24715112728459812,-0.23971986959203148,False,withdrawal
0.3919999999990864,0.3919999999990864,1.330248269784617,1.3767827878233005,0.977889677271687,-0.23121515964310205,1.3813220612090704,0.8769213123803948,40.0,1.8,-0.2539062865238594,-0.25407840789739045,False,withdrawal
0.39399999999908175,0.39399999999908175,1.2203515812243857,1.3787008468757154,0.9355916685740445,-0.23828179503603183,1.3830326317232409,0.8335705191118359,40.0,1.8,-0.2594935548883929,-0.26986023001934845,False,withdrawal
0.3959999999990771,0.3959999999990771,1.1104548926641544,1.3806189059281302,0.893293659876402,-0.2443220578691358,1.3846560689721699,0.7898083975191528,40.0,1.8,-0.2638680269966681,-0.28865497747812985,False,withdrawal
0.39799999999907243,0.39799999999907243,1.022537541815982,1.3821533531700618,0.8509956511787595,-0.24929760710470802,1.3861916738183528,0.745759175176699,40.0,1.8,-0.2669847124554725,-0.2948775433275408,False,withdrawal
0.39999999999906777,0.39999999999906777,0.9126408532557508,1.3840714122224766,0.8076905470359351,-0.25317013962331,1.387638999830018,0.7015513302430154,40.0,1.8,-0.26879853585990665,-0.31714562178550654,False,withdrawal
0.4019999999990631,0.4019999999990631,0.8247235024075658,1.3856058594644085,0.7633783474479287,-0.25590139053513034,1.3889978617822951,0.6573175914608043,40.0,1.8,-0.2692643367933904,-0.3244936048547498,False,withdrawal
0.40399999999905845,0.40399999999905845,0.7368061515593936,1.3871403067063401,0.7190661478599223,-0.25745313347699683,1.3902683441583832,0.6131949381569396,40.0,1.8,-0.2683368698276579,-0.33378354921130515,False,withdrawal
0.4059999999990538,0.4059999999990538,0.6708681384232548,1.388291142137789,0.6757610437170978,-0.25778718089554,1.3914508096507194,0.5693246002424796,40.0,1.8,-0.26597080452276367,-0.33116970225986064,False,withdrawal
0.4079999999990491,0.4079999999990491,0.5829507875750697,1.389825589379721,0.6314488441290914,-0.2568653843165915,1.392545907662147,0.525852058212643,40.0,1.8,-0.26212072542707476,-0.34338220877964076,False,withdrawal
0.40999999999904446,0.40999999999904446,0.517012774438931,1.3909764248111698,0.5871366445410849,-0.25464963460125856,1.3935545828070837,0.48292704314682744,40.0,1.8,-0.25674113207727733,-0.3411920947503858,False,withdrawal
0.4119999999990398,0.4119999999990398,0.45107476130280494,1.3921272602426185,0.5438315403982605,-0.2511018621889213,1.3944780834126906,0.44070353670860485,40.0,1.8,-0.2497864389983715,-0.3413839188368645,False,withdrawal
0.41399999999903514,0.41399999999903514,0.40711608587871245,1.3928944838635844,0.5005264362554361,-0.24618403732768673,1.3953179700200402,0.39933977114571084,40.0,1.8,-0.24121097570367767,-0.32640752664295025,False,withdrawal
0.4159999999990305,0.4159999999990305,0.34117807274257367,1.3940453192950333,0.4582284275577936,-0.23985817029256828,1.396076123885284,0.35899822929006064,40.0,1.8,-0.23096898669482868,-0.32835115996672304,False,withdrawal
0.4179999999990258,0.4179999999990258,0.2972193973184812,1.3948125429159992,0.41693751430533305,-0.23208631159192594,1.3967547554808217,0.3198456445577469,40.0,1.8,-0.21901463146177552,-0.3160914944145297,False,withdrawal
0.41999999999902116,0.41999999999902116,0.25326072189438864,1.3955797665369651,0.3766536964980545,-0.22283055216268155,1.3973564129964702,0.2820530009490274,40.0,1.8,-0.20530198448278902,-0.30451737809083634,False,withdrawal
0.4219999999990165,0.4219999999990165,0.20930204647029615,1.396346990157931,0.33636987869077595,-0.21205302355460687,1.3978839908406298,0.24579553304832746,40.0,1.8,-0.18978503522445095,-0.2913388300729108,False,withdrawal
0.42399999999901183,0.42399999999901183,0.16534337104621638,1.3971142137788968,0.29810025177386135,-0.19971589810426177,1.3983407381414548,0.21125272602425693,40.0,1.8,-0.17241768814166353,-0.27968225998863183,False,withdrawal
0.4259999999990072,0.4259999999990072,0.14336403333417014,1.3974978255893797,0.2618448157473106,-0.18578138909911474,1.3987302672480204,0.17860831562959367,40.0,1.8,-0.1531537626776432,-0.2536817965439068,False,withdrawal
0.4279999999990025,0.4279999999990025,0.12138469562212387,1.3978814373998627,0.2265964751659419,-0.1702117509321225,1.3990565622314917,0.14805028820128963,40.0,1.8,-0.1319469932639261,-0.22632513653514177,False,withdrawal
0.42999999999899785,0.42999999999899785,0.09940535791007762,1.3982650492103457,0.1933623254749371,-0.1529692792473092,1.3993239873862917,0.11977088066046304,40.0,1.8,-0.10875102932036007,-0.19885810294857154,False,withdrawal
0.4319999999989932,0.4319999999989932,0.07742602019803137,1.3986486610208286,0.16214236667429618,-0.13401631107686945,1.3995372957312702,0.09396658051241846,40.0,1.8,-0.08351943525511432,-0.17069046192883272,False,withdrawal
0.43399999999898853,0.43399999999898853,0.05544668248598511,1.3990322728313116,0.13293659876401925,-0.11331522497006703,1.3997016375108713,0.07083812584661231,40.0,1.8,-0.05620569046467255,-0.1412083545336174,False,withdrawal
0.43599999999898387,0.43599999999898387,0.03346734477393886,1.3994158846417946,0.10574502174410622,-0.0908284411144968,1.3998225686963024,0.05059050533669118,40.0,1.8,-0.026763189333832788,-0.10977395668686651,False,withdrawal
0.4379999999989792,0.4379999999989792,0.03346734477393886,1.3994158846417946,0.08157473105973909,-0.06651842145001147,1.3999060594867028,0.03343295824046855,40.0,1.8,0.004854758764285948,-0.06219343851407267,False,withdrawal
0.43999999999897454,0.43999999999897454,0.03346734477393886,1.3994158846417946,0.06042572671091784,-0.04034766977573557,1.3999585028103105,0.01957897439993639,40.0,1.8,0.03869492946824893,-0.013124497950878736,False,withdrawal
0.4419999999989699,0.4419999999989699,0.011488007061892607,1.3997994964522775,0.04129091325246052,-0.012278731850528623,1.3999867228256326,0.009246294241244124,40.0,1.8,0.07480418342831086,0.024612924142325694,False,withdrawal
0.4439999999989652,0.4439999999989652,0.011488007061892607,1.3997994964522775,0.026184481574731064,0.017725804512684618,1.3999979834226128,0.002656908774731903,40.0,1.8,0.11322946630640046,0.07881931407981435,False,withdrawal
0.44599999999896056,0.44599999999896056,0.011488007061892607,1.3997994964522775,0.01510643167772946,0.04970330935842802,1.3999999967237986,3.7059594896193815e-05,40.0,1.8,0.15401780877613672,0.13491294988787986,False,withdrawal
0.4479999999989559,0.4479999999989559,0.011488007061892607,1.3997994964522775,0.006042572671091784,0.08369111050570743,1.4,0,40,1.8,0.15960311284040285,0.1567466239413331,False,settling
0.44999999999895124,0.44999999999895124,0.011488007061892607,1.3997994964522775,0.002014190890363928,0.11972649347022493,1.4,0,40,1.8,0.1596031128404029,0.16399771114664324,False,settling
0.4519999999989466,0.4519999999989466,0.011488007061892607,1.3997994964522775,0.002014190890363928,0.1578467013913947,1.4,0,40,1.8,0.1596031128404029,0.16399771114664324,False,settling
0.4539999999989419,0.4539999999989419,0.011488007061892607,1.3997994964522775,0.002014190890363928,0.16287227964341608,1.4,0,40,1.8,0.1596031128404029,0.16399771114664324,False,settling
0.45599999999893726,0.45599999999893726,0.011488007061892607,1.3997994964522775,0.002014190890363928,0.16222553506275308,1.4,0,40,1.8,0.1596031128404029,0.16399771114664324,False,settling
0.4579999999989326,0.4579999999989326,0.011488007061892607,1.3997994964522775,0.003021286335545892,0.1616720904177554,1.4,0,40,1.8,0.15960311284040288,0.16218493934531572,False,settling
0.45999999999892793,0.45999999999892793,0.011488007061892607,1.3997994964522775,0.003021286335545892,0.16120022108685236,1.4,0,40,1.8,0.15960311284040288,0.16218493934531572,False,settling
0.46199999999892327,0.46199999999892327,0.011488007061892607,1.3997994964522775,0.003021286335545892,0.1607995860510813,1.4,0,40,1.8,0.15960311284040288,0.16218493934531572,False,settling
0.4639999999989186,0.4639999999989186,0.011488007061892607,1.3997994964522775,0.003021286335545892,0.1604610699512962,1.4,0,40,1.8,0.15960311284040288,0.16218493934531572,False,settling
0.46599999999891395,0.46599999999891395,0.011488007061892607,1.3997994964522775,0.003021286335545892,0.16017664283768937,1.4,0,40,1.8,0.15960311284040288,0.16218493934531572,False,settling
0.4679999999989093,0.4679999999989093,0.011488007061892607,1.3997994964522775,0.003021286335545892,0.1599392356517453,1.4,0,40,1.8,0.15960311284040288,0.16218493934531572,False,settling
0.4699999999989046,0.4699999999989046,0.011488007061892607,1.3997994964522775,0.003021286335545892,0.15974262969661904,1.4,0,40,1.8,0.15960311284040288,0.16218493934531572,False,settling
0.47199999999889997,0.47199999999889997,0.011488007061892607,1.3997994964522775,0.003021286335545892,0.15958135854355865,1.4,0,40,1.8,0.15960311284040288,0.16218493934531572,False,settling
0.4739999999988953,0.4739999999988953,0.011488007061892607,1.3997994964522775,0.003021286335545892,0.15945062099339039,1.4,0,40,1.8,0.15960311284040288,0.16218493934531572,False,settling
0.47599999999889064,0.47599999999889064,0.011488007061892607,1.3997994964522775,0.003021286335545892,0.15934620386389853,1.4,0,40,1.8,0.15960311284040288,0.16218493934531572,False,settling
0.477999999998886,0.477999999998886,0.011488007061892607,1.3997994964522775,0.003021286335545892,0.15926441350971954,1.4,0,40,1.8,0.15960311284040288,0.16218493934531572,False,settling
0.4799999999988813,0.4799999999988813,0.011488007061892607,1.3997994964522775,0.003021286335545892,0.15920201510173615,1.4,0,40,1.8,0.15960311284040288,0.16218493934531572,False,settling
0.48199999999887666,0.48199999999887666,0.011488007061892607,1.3997994964522775,0.002014190890363928,0.15915617880079613,1.4,0,40,1.8,0.1596031128404029,0.16399771114664324,False,settling
0.483999999998872,0.483999999998872,0.011488007061892607,1.3997994964522775,0.002014190890363928,0.1591244320557003,1.4,0,40,1.8,0.1596031128404029,0.16399771114664324,False,settling
0.48599999999886734,0.48599999999886734,0.011488007061892607,1.3997994964522775,0.002014190890363928,0.15910461734081535,1.4,0,40,1.8,0.1596031128404029,0.16399771114664324,False,settling
0.4879999999988627,0.4879999999988627,0.011488007061892607,1.3997994964522775,0.002014190890363928,0.15909485472439988,1.4,0,40,1.8,0.1596031128404029,0.16399771114664324,False,settling
