time,sample_at,depth_deg,position,velocity,feedback_torque,command_position,command_velocity,kp,kd,feedforward_torque,estimated_torque,limited,phase,temperature_c,held_j1,held_j2,held_j3,held_j4,held_j5,held_j6
1.2785021681338549e-05,-0.001381589681841433,-0.021979337712122585,1.3999913023575203,-0.047837033646146665,0.9444419012741285,1.3996076905468968,-3.268799597258634e-08,12.0,0.8,0.6919386365391763,0.7256048955782145,False,approach,32.0,0.0013426413366897094,0.00019180590524214836,0.00019180590524214836,0.0009590295262071891,-8.702166785959364e-05,0.00019180590524214836
0.002108276996295899,0.0007939389324747026,-0.021979337712122585,1.3999913023575203,-0.01258869306477095,0.9162432288090336,1.3996070682787733,-0.0008843085234432735,12.0,0.8,0.6818889876141537,0.6866416863022519,False,approach,32.0,0.0013426413366897094,0.00019180590524214836,0.00019180590524214836,0.0009590295262071891,-8.702166785959364e-05,0.00019180590524214836
0.004196644003968686,0.002867362927645445,-0.021979337712122585,1.3999913023575203,-0.01258869306477095,0.8500190737773714,1.3996028017961766,-0.0034854796107070016,12.0,0.8,0.671895238031899,0.674515802059025,False,approach,32.0,0.0013426413366897094,0.00019180590524214836,0.00019180590524214836,0.0009590295262071891,-8.702166785959364e-05,0.00019180590524214836
0.006292967009358108,0.004989000444766134,-0.021979337712122585,1.3999913023575203,0.02366674296177962,0.832501716639964,1.3995912728690487,-0.007794858346201508,12.0,0.8,0.6618943226515879,0.6319246877435436,False,approach,32.0,0.0013426413366897094,0.00019180590524214836,0.00019180590524214836,0.0009590295262071891,-8.702166785959364e-05,0.00019180590524214836
0.008385162975173444,0.007031780842225999,-0.021979337712122585,1.3999913023575203,-0.0035248340581404136,0.826520180056459,1.399569009316993,-0.013762618480348578,12.0,0.8,0.6519531420423377,0.6386953980182433,False,approach,32.0,0.0013426413366897094,0.00019180590524214836,0.00019180590524214836,0.0009590295262071891,-8.702166785959364e-05,0.00019180590524214836
0.010562292009126395,0.009120684117078781,-0.021979337712122585,1.3999913023575203,-0.022659647516590553,0.7987487602044716,1.3995307157068233,-0.02170746459281297,12.0,0.8,0.6416608414582693,0.636895547988927,False,approach,32.0,0.0013426413366897094,0.00019180590524214836,0.00019180590524214836,0.0009590295262071891,-8.702166785959364e-05,0.00019180590524214836
0.012791461020242423,0.011471191188320518,-0.021979337712122585,1.3999913023575203,-0.03877317463950192,0.7743953612573442,1.3994715913070848,-0.031638298232663044,12.0,0.8,0.6311888112049796,0.6306601797252237,False,approach,32.0,0.0013426413366897094,0.00019180590524214836,0.00019180590524214836,0.0009590295262071891,-8.702166785959364e-05,0.00019180590524214836
0.014902563008945435,0.013517133542336524,-0.021979337712122585,1.3999913023575203,-0.04280155642022976,0.7846494239719242,1.3993934192932238,-0.042682488455522034,12.0,0.8,0.6213435363930531,0.6142641939932609,False,approach,32.0,0.0013426413366897094,0.00019180590524214836,0.00019180590524214836,0.0009590295262071891,-8.702166785959364e-05,0.00019180590524214836
0.01703050802461803,0.015751246828585863,0.0,1.399607690547036,-0.1002059967956086,0.7615777828641193,1.3992893481902586,-0.05539207784797097,12.0,0.8,0.611500842571336,0.6435318694481171,False,approach,32.0,0.0013426413366897094,0.00019180590524214836,0.00019180590524214836,0.0009590295262071891,-8.702166785959364e-05,0.00019180590524214836
0.01942285301629454,0.017869545437861234,0.0,1.399607690547036,-0.02970931563287138,0.7590142671854743,1.3991379174452045,-0.07152514888330651,12.0,0.8,0.6005450374347759,0.5614550936124499,False,approach,32.0,0.0013426413366897094,0.00019180590524214836,0.00019180590524214836,0.0009590295262071891,-8.702166785959364e-05,0.00019180590524214836
0.021534215018618852,0.017869545437861234,0.0,1.399607690547036,-0.02970931563287138,0.7590142671854743,1.3989704605186402,-0.08734267853216171,12.0,0.8,0.5909837878954114,0.5372303372352285,False,approach,32.0,0.0013426413366897094,0.00019180590524214836,0.00019180590524214836,0.0009590295262071891,-8.702166785959364e-05,0.00019180590524214836
0.023633023025467992,0.017869545437861234,0.0,1.399607690547036,-0.02970931563287138,0.7590142671854743,1.3987693925718878,-0.10449319832804785,12.0,0.8,0.5815900079539827,0.5117033260960627,False,approach,32.0,0.0013426413366897094,0.00019180590524214836,0.00019180590524214836,0.0009590295262071891,-8.702166785959364e-05,0.00019180590524214836
0.025678317993879318,0.02561961259925738,0.04395867542404162,1.398840466926071,-0.08610666056306115,0.7167162584878319,1.3985374411123264,-0.12253723377238658,12.0,0.8,0.5725514445118007,0.5397706761794046,False,approach,32.0,0.0013426413366897094,0.00019180590524214836,0.00019180590524214836,0.0009590295262071891,-8.702166785959364e-05,0.00019180590524214836
0.027774110028985888,0.026427531673107296,0.06593801313606243,1.3984568551155885,-0.13243305104143133,0.711589227130542,1.3982600976906683,-0.14234941904724846,12.0,0.8,0.5634180953383655,0.5531239118346695,False,approach,32.0,0.0013426413366897094,0.00019180590524214836,0.00019180590524214836,0.0009590295262071891,-8.702166785959364e-05,0.00019180590524214836
0.029873469029553235,0.028519729094114155,0.08791735084818501,1.3980732433051042,-0.1304188601510674,0.711589227130542,1.3979392822400516,-0.1634957400931134,12.0,0.8,0.554409607111592,0.5263405703773241,False,approach,32.0,0.0013426413366897094,0.00019180590524214836,0.00019180590524214836,0.0009590295262071891,-8.702166785959364e-05,0.00019180590524214836
0.03198470099596307,0.030665385245811194,0.10989668856020582,1.3976896314946217,-0.2089723048752603,0.7201342793926919,1.3975705367624556,-0.18603040977470248,12.0,0.8,0.5455023274795905,0.5624267067740436,False,approach,32.0,0.0013426413366897094,0.00019180590524214836,0.00019180590524214836,0.0009590295262071891,-8.702166785959364e-05,0.00019180590524214836
0.034070162975694984,0.03273985243868083,0.13187602627222664,1.3973060196841391,-0.13444724193179525,0.6675822079804696,1.3971583144955986,-0.2094948793567839,12.0,0.8,0.5368639282688563,0.47505335606637855,False,approach,32.0,0.0013426413366897094,0.00019180590524214836,0.00019180590524214836,0.0009590295262071891,-8.702166785959364e-05,0.00019180590524214836
0.03615878097480163,0.034817567211575806,0.13187602627222664,1.3973060196841391,-0.11631952391851996,0.6295567254139005,1.396695209520145,-0.23414983380749116,12.0,0.8,0.5283823820340156,0.42678841215490926,False,approach,32.0,0.0013426413366897094,0.00019180590524214836,0.00019180590524214836,0.0009590295262071891,-8.702166785959364e-05,0.00019180590524214836
0.03824542602524161,0.036876076308544725,0.15385536398424743,1.3969224078736566,-0.17976653696497635,0.637674525062943,1.3961799556226575,-0.2598895331043309,12.0,0.8,0.5200890985016624,0.4470812745781894,False,approach,32.0,0.0013426413366897094,0.00019180590524214836,0.00019180590524214836,0.0009590295262071891,-8.702166785959364e-05,0.00019180590524214836
0.04050245997495949,0.038964406587183475,0.19781403940839082,1.3961551842526898,-0.26134126802472224,0.618875410086213,1.3955608387754685,-0.28892314306917133,12.0,0.8,0.5113336230691398,0.48213597730692537,False,approach,32.0,0.00019180590524214836,0.00019180590524214836,0.00019180590524214836,-0.00019180590524214836,0.00029659014262470307,-0.00019180590524214836
0.042603651992976665,0.041271084861364216,0.24177271483243246,1.3953879606317248,-0.26335545891508616,0.5949492637521931,1.3949244191818106,-0.3170130008308196,12.0,0.8,0.503395025770083,0.4549064948385267,False,approach,32.0,0.00019180590524214836,0.00019180590524214836,0.00019180590524214836,-0.00019180590524214836,0.00029659014262470307,-0.00019180590524214836
0.04470334202051163,0.043428305303677917,0.263752052544555,1.3950043488212405,-0.2925612268253559,0.6000762951094831,1.394228468103139,-0.34605270523484083,12.0,0.8,0.49567782817047124,0.44357407682566496,False,approach,32.0,0.00019180590524214836,0.00019180590524214836,0.00019180590524214836,-0.00019180590524214836,0.00029659014262470307,-0.00019180590524214836
0.046793573012109846,0.04548253619577736,0.30771072796859666,1.3942371252002754,-0.2653696498054501,0.5774319066147857,1.3934741261025205,-0.37587313491146884,12.0,0.8,0.48822051971391034,0.39066174245603646,False,approach,32.0,0.00019180590524214836,0.00019180590524214836,0.00019180590524214836,-0.00019180590524214836,0.00029659014262470307,-0.00019180590524214836
0.048879817011766136,0.04751681425841525,0.3296900656806175,1.393853513389793,-0.27846189059280846,0.5611963073167008,1.392658168395479,-0.40649128958272623,12.0,0.8,0.48101235187815333,0.3642446927544531,False,approach,32.0,0.00019180590524214836,0.00019180590524214836,0.00019180590524214836,-0.00019180590524214836,0.00029659014262470307,-0.00019180590524214836
0.05097533797379583,0.04962699074530974,0.3736487411047609,1.393086289768826,-0.3479514763103708,0.5492332341496908,1.3917734262429224,-0.43805135483596036,12.0,0.8,0.47401948438916,0.38618521925784444,False,approach,32.0,0.00019180590524214836,0.00019180590524214836,0.00019180590524214836,-0.00019180590524214836,0.00029659014262470307,-0.00019180590524214836
0.05307427601655945,0.05174605449428782,0.41760741652880246,1.392319066147861,-0.3539940489814626,0.5291523613336384,1.3908201438127268,-0.4704171562647598,12.0,0.8,0.46727497852067773,0.35614942467242877,False,approach,32.0,0.00019180590524214836,0.00019180590524214836,0.00019180590524214836,-0.00019180590524214836,0.00029659014262470307,-0.00019180590524214836
0.05517804401461035,0.05381786386715248,0.48354542966496666,1.3911682307164117,-0.44563973449301386,0.49454489967193105,1.389795752756715,-0.5035580859126568,12.0,0.8,0.46078725874394916,0.3979828420918751,False,approach,32.0,0.00019180590524214836,0.00019180590524214836,0.00019180590524214836,-0.00019180590524214836,0.00029659014262470307,-0.00019180590524214836
0.05727208300959319,0.055924352491274476,0.5275041050890082,1.3904010070954467,-0.41341268024719113,0.49069962615396356,1.3887061809579613,-0.5371846511011933,12.0,0.8,0.4546117315172381,0.3352562411842116,False,approach,32.0,0.00019180590524214836,0.00019180590524214836,0.00019180590524214836,-0.00019180590524214836,0.00029659014262470307,-0.00019180590524214836
0.0593576849787496,0.05800753890071064,0.5714627805131517,1.3896337834744799,-0.46678873884184213,0.4586556801709012,1.3875503978178085,-0.5712510233729071,12.0,0.8,0.44875235615329667,0.3401819006483888,False,approach,32.0,0.00019180590524214836,0.00019180590524214836,0.00019180590524214836,-0.00019180590524214836,0.00029659014262470307,-0.00019180590524214836
0.06174067303072661,0.06011909618973732,0.6374007936493159,1.3884829480430305,-0.4426184481574751,0.44541084916456875,1.3861421136094236,-0.6108017689994129,12.0,0.8,0.4424280148528502,0.2797913449760173,False,approach,32.0,0.00019180590524214836,0.00019180590524214836,0.00019180590524214836,-0.00019180590524214836,0.00029659014262470307,-0.00019180590524214836
0.06385064200730994,0.06252092105569318,0.7033388067853783,1.387332112611583,-0.44362554360264994,0.39072251468680896,1.3848159547874648,-0.646310097752615,12.0,0.8,0.43717135587808414,0.24482981866869385,False,approach,32.0,0.00019180590524214836,0.00019180590524214836,0.00019180590524214836,-0.00019180590524214836,0.00029659014262470307,-0.00019180590524214836
0.06594549200963229,0.06462158588692546,0.7472974822095217,1.3865648889906161,-0.4829022659647535,0.3599603265430691,1.3834247612474722,-0.6819526419547145,12.0,0.8,0.4322835857031822,0.23536175199348558,False,approach,32.0,0.00019180590524214836,0.00019180590524214836,0.00019180590524214836,-0.00019180590524214836,0.00029659014262470307,-0.00019180590524214836
0.0679961169953458,0.06673970766132697,0.813235495345686,1.3854140535591668,-0.46578164339665307,0.3625238422217141,1.3819902850012762,-0.7171564753627797,12.0,0.8,0.4278301366245599,0.1856450483569711,False,approach,32.0,0.00019180590524214836,0.00019180590524214836,0.00019180590524214836,-0.00019180590524214836,0.00029659014262470307,-0.00019180590524214836
0.07008339301683009,0.06874085596064106,0.8791735084817484,1.3842632181277192,-0.5231860837720319,0.379613946746014,1.3804557573514487,-0.7532450457371899,12.0,0.8,0.4236452412664218,0.19390854237904834,False,approach,32.0,0.00019180590524214836,0.00019180590524214836,0.00019180590524214836,-0.00019180590524214836,0.00029659014262470307,-0.00019180590524214836
0.07216831401456147,0.0708183980314061,0.9231321839058917,1.3834959945067524,-0.4647745479514782,0.3629510948348216,1.3788475494128807,-0.789485511407346,12.0,0.8,0.4198275797600404,0.10427746786888531,False,approach,32.0,0.00019180590524214836,0.00019180590524214836,0.00019180590524214836,-0.00019180590524214836,0.00029659014262470307,-0.00019180590524214836
0.07425322500057518,0.07292829378275201,0.9890701970419542,1.3823451590753049,-0.47182421606774483,0.2839093614099344,1.377163647997188,-0.82585207340244,12.0,0.8,0.4163842651433442,0.07098384633818622,False,approach,32.0,0.00019180590524214836,0.00019180590524214836,0.00019180590524214836,-0.00019180590524214836,0.00029659014262470307,-0.00019180590524214836
0.07633857702603564,0.0749717247672379,1.0550082101781184,1.3811943236438555,-0.5151293202105762,0.29800869764248183,1.3754034720346686,-0.8622852364256398,12.0,0.8,0.41332678582629284,0.06611183354399908,False,approach,32.0,0.00019180590524214836,0.00019180590524214836,0.00019180590524214836,-0.00019180590524214836,0.00029659014262470307,-0.00019180590524214836
0.0784309430164285,0.0770751623203978,1.1209462233142826,1.3800434882124062,-0.5040512703135676,0.29800869764248183,1.3735610142212256,-0.8988311450085482,12.0,0.8,0.4106598684901489,0.01704628083999682,False,approach,32.0,0.00019180590524214836,0.00019180590524214836,0.00019180590524214836,-0.00019180590524214836,0.00029659014262470307,-0.00019180590524214836
0.08051920001162216,0.07921262795571238,1.1868842364504468,1.3788926527809569,-0.5624628061341213,0.2753643091477844,1.3716460034876203,-0.9352253687019425,12.0,0.8,0.4084108985680173,0.023241056993722142,False,approach,32.0,0.00019180590524214836,0.00019180590524214836,0.00019180590524214836,-0.00019180590524214836,0.00029659014262470307,-0.00019180590524214836
0.08290493302047253,0.08127236837754026,1.2528222495865091,1.3777418173495093,-0.5664911879148491,0.27280079346913944,1.3693653833901736,-0.9766148905850647,12.0,0.8,0.40636212511839265,-0.022254044529808725,False,approach,32.0,0.00019180590524214836,0.00019180590524214836,0.00019180590524214836,-0.00019180590524214836,0.00029659014262470307,-0.00019180590524214836
0.08503089298028499,0.08127236837754026,1.2528222495865091,1.3777418173495093,-0.5664911879148491,0.27280079346913944,1.367250153707707,-1.0132437301497381,12.0,0.8,0.40501877290997523,-0.0782832245795625,False,approach,32.0,0.00019180590524214836,0.00019180590524214836,0.00019180590524214836,-0.00019180590524214836,0.00029659014262470307,-0.00019180590524214836
0.08715719397878274,0.08127236837754026,1.2528222495865091,1.3777418173495093,-0.5664911879148491,0.27280079346913944,1.3650570211838482,-1.0495580919169678,12.0,0.8,0.4041437790417334,-0.13452729814789477,False,approach,32.0,0.00019180590524214836,0.00019180590524214836,0.00019180590524214836,-0.00019180590524214836,0.00029659014262470307,-0.00019180590524214836
0.08926973899360746,0.0889157194760628,1.5385536398431867,1.3727548638132294,-0.72259098191806,0.38986800946059397,1.3628020141524106,-1.0852420599662167,12.0,0.8,0.4037518204561674,-0.0058032379121832345,False,approach,32.0,0.00019180590524214836,0.00019180590524214836,0.00019180590524214836,-0.00019180590524214836,0.00029659014262470307,-0.00019180590524214836
0.09146900102496147,0.09012463688850403,1.5825123152673302,1.3719876401922626,-0.8102082856488835,0.39542229343099145,1.3603748844372483,-1.1218869322386242,12.0,0.8,0.40386365180494366,0.01516766547297943,False,approach,32.0,0.00019180590524214836,0.00019180590524214836,0.00019180590524214836,-0.00019180590524214836,0.00029659014262470307,-0.00019180590524214836
0.09359881898853928,0.09232048050034791,1.6924090038275361,1.3700695811398482,-0.8555275806820788,0.4266117341878388,1.3579481817586192,-1.1568006936146367,12.0,0.8,0.4044915023244689,0.018016219403674316,False,approach,32.0,0.00019180590524214836,0.00019180590524214836,0.00019180590524214836,-0.00019180590524214836,0.00029659014262470307,-0.00019180590524214836
0.09570144402096048,0.09442326304269955,1.780326354675721,1.3685351338979164,-0.8766765850308929,0.4334477759975588,1.3554801780774857,-1.1906323546357205,12.0,0.8,0.40562646390432266,-0.0021976216247078795,False,approach,32.0,0.00019180590524214836,0.00019180590524214836,0.00019180590524214836,-0.00019180590524214836,0.00029659014262470307,-0.00019180590524214836
0.09778568398905918,0.09641294030006975,1.8902230432359268,1.366617074845502,-0.9622796978713666,0.4539559014267187,1.3529642714715262,-1.2234637540105398,12.0,0.8,0.40726987788807967,0.0344889924890317,False,approach,32.0,0.00019180590524214836,0.00019180590524214836,0.00019180590524214836,-0.00019180590524214836,0.00029659014262470307,-0.00019180590524214836
0.09987624600762501,0.09851429372793064,2.000119731796133,1.3646990157930876,-0.9864499885557336,0.47104600595101864,1.3503727995553056,-1.2556090309599817,12.0,0.8,0.4094499939177008,0.02220816514091878,False,approach,32.0,0.00019180590524214836,0.00019180590524214836,0.00019180590524214836,-0.00019180590524214836,0.00029659014262470307,-0.00019180590524214836
0.10196505498606712,0.10062171035679057,2.131995758068461,1.362397344930189,-1.0227054245822842,0.4859998474097811,1.3477172759952878,-1.286859257691201,12.0,0.8,0.41217346941765903,0.024689575711711764,False,approach,32.0,0.00019180590524214836,0.00019180590524214836,0.00019180590524214836,-0.00019180590524214836,0.00029659014262470307,-0.00019180590524214836
0.10426812700461596,0.10276360140414909,2.263871784340688,1.360095674067292,-1.1032730601968481,0.46933699549858865,1.3447149100260964,-1.3202092217830308,12.0,0.8,0.4158240918472633,0.057705994083970036,False,approach,32.0,-0.00019180590524214836,0.00019180590524214836,0.00019180590524214836,-0.00019180590524214836,0.00029659014262470307,0.00019180590524214836
0.10635590401943773,0.10502684104721993,2.417727148325037,1.3574103913939108,-1.1123369192034858,0.3749141680018315,1.3419280015229689,-1.3493474772867424,12.0,0.8,0.4197352316881715,0.04433810677026251,False,approach,32.0,-0.00019180590524214836,0.00019180590524214836,0.00019180590524214836,-0.00019180590524214836,0.00029659014262470307,0.00019180590524214836
0.10844182700384408,0.10708027984946966,2.5715825123093863,1.3547251087205296,-1.3248340581368794,0.3774776836804765,1.3390839760958528,-1.3773323076387705,12.0,0.8,0.42422846240855994,0.19453627131092532,False,approach,32.0,-0.00019180590524214836,0.00019180590524214836,0.00019180590524214836,-0.00019180590524214836,0.00029659014262470307,0.00019180590524214836
0.11052844201913103,0.10921915248036385,2.7254378762936335,1.3520398260471502,-1.281528953994055,0.34885175860227413,1.3361818554888922,-1.4041120806564307,12.0,0.8,0.42932245607726716,0.14096030804827075,False,approach,32.0,-0.00019180590524214836,0.00019180590524214836,0.00019180590524214836,-0.00019180590524214836,0.00029659014262470307,0.00019180590524214836
0.11262485501356423,0.11131693061906844,2.9012725779900035,1.3489709315632865,-1.359075303273066,0.3095445181963843,1.3332111916105809,-1.4297058281741661,12.0,0.8,0.43505785855618484,0.18943655920283717,False,approach,32.0,-0.00019180590524214836,0.00019180590524214836,0.00019180590524214836,-0.00019180590524214836,0.00029659014262470307,0.00019180590524214836
0.1147144950227812,0.11341857718070969,3.0771072796863734,1.3459020370794228,-1.5171892881666338,0.3112535286488143,1.3301981765156765,-1.4538187340493418,12.0,0.8,0.44140462804552094,0.3036547445743991,False,approach,32.0,-0.00019180590524214836,0.00019180590524214836,0.00019180590524214836,-0.00019180590524214836,0.00029659014262470307,0.00019180590524214836
0.11679748201277107,0.11542885430390015,3.230962643670723,1.3432167544060416,-1.512153810940724,0.29715419241626684,1.3271461341003894,-1.4763754133553266,12.0,0.8,0.4483710219151939,0.2841462963156854,False,approach,32.0,-0.00019180590524214836,0.00019180590524214836,0.00019180590524214836,-0.00019180590524214836,0.00029659014262470307,0.00019180590524214836
0.11890348402084783,0.1175143071450293,3.4067973453670928,1.3401478599221779,-1.4738841840238095,0.19803158617532546,1.3240142593216622,-1.4975867428678726,12.0,0.8,0.4560781059854791,0.24351285170403997,False,approach,32.0,-0.00019180590524214836,0.00019180590524214836,0.00019180590524214836,-0.00019180590524214836,0.00029659014262470307,0.00019180590524214836
0.12103530700551346,0.1196680623688735,3.6046113847754837,1.3366953536278317,-1.5212176699473616,0.2159761959258404,1.3208003088944413,-1.5173281655370523,12.0,0.8,0.46457419397295857,0.2769452607005222,False,approach,32.0,-0.00019180590524214836,0.00019180590524214836,0.00019180590524214836,-0.00019180590524214836,0.00029659014262470307,0.00019180590524214836
0.12317132600583136,0.12181438057450578,3.758466748759833,1.3340100709544505,-1.4708628976882636,0.27151903562981694,1.317539774876506,-1.5352627999055029,12.0,0.8,0.47380299316455177,0.22463951845542796,False,approach,32.0,-0.00019180590524214836,0.00019180590524214836,0.00019180590524214836,-0.00019180590524214836,0.00029659014262470307,0.00019180590524214836
0.1254914120072499,0.12391881440998986,3.9562807881682236,1.3305575646601042,-1.5302815289539993,0.4082398718242164,1.313957343857208,-1.5525310622667092,12.0,0.8,0.4846569764296136,0.26765470014469206,False,approach,32.0,-0.00019180590524214836,0.00019180590524214836,0.00019180590524214836,-0.00019180590524214836,0.00029659014262470307,0.00019180590524214836
0.1276070830062963,0.1262713773176074,4.176074165288635,1.3267214465552755,-1.61286335545892,0.509071488517586,1.310657914978477,-1.5661612186356413,12.0,0.8,0.4953243226986368,0.3399236532356775,False,approach,32.0,-0.00019180590524214836,0.00019180590524214836,0.00019180590524214836,-0.00019180590524214836,0.00029659014262470307,0.00019180590524214836
0.12970842502545565,0.12841769156511873,4.373888204697026,1.3232689402609292,-1.5675440604257318,0.5808499275196457,1.3073544838286921,-1.5775968380646843,12.0,0.8,0.5066616287345487,0.30764592943654145,False,approach,32.0,-0.00019180590524214836,0.00019180590524214836,0.00019180590524214836,-0.00019180590524214836,0.00029659014262470307,0.00019180590524214836
0.1318151589948684,0.1304626545170322,4.549722906393396,1.3202000457770655,-1.5987640192263726,0.6278477149614705,1.3040207559466055,-1.5868571637353561,12.0,0.8,0.5187856103893025,0.3341596168165953,False,approach,32.0,-0.00019180590524214836,0.00019180590524214836,0.00019180590524214836,-0.00019180590524214836,0.00029659014262470307,0.00019180590524214836
0.13391519902506843,0.13256654073484242,4.7695162835139095,1.316363927672235,-1.6168917372396479,0.6680094605935771,1.3006806030974047,-1.5937890215948742,12.0,0.8,0.5316410699971126,0.36192334761496875,False,approach,32.0,-0.00019180590524214836,0.00019180590524214836,0.00019180590524214836,-0.00019180590524214836,0.00029659014262470307,0.00019180590524214836
0.13613147399155423,0.13465721672400832,4.9673303229223,1.3129114213778887,-1.6511329823758345,0.5658960860608833,1.2971426020446815,-1.5985011665518478,12.0,0.8,0.5460585537550766,0.39893817441577867,False,approach,32.0,-0.00019180590524214836,0.00019180590524214836,0.00019180590524214836,-0.00019180590524214836,0.00029659014262470307,0.00019180590524214836
0.13833493500715122,0.13696584140416235,5.187123700042712,1.30907530327306,-1.7024948500801145,0.4847180895704586,1.2936177385112946,-1.6004165943504058,12.0,0.8,0.5612758901081223,0.4574477175507043,False,approach,32.0,-0.00019180590524214836,0.00019180590524214836,0.00019180590524214836,-0.00019180590524214836,0.00029659014262470307,0.00019180590524214836
0.14049358799820766,0.13921351253520697,5.406917077163225,1.3052391851682295,-1.6964522774090227,0.44754711223010624,1.2901634780243203,-1.5994976896571966,12.0,0.8,0.5770548133350777,0.4737099978096288,False,approach,32.0,-0.00019180590524214836,0.00019180590524214836,0.00019180590524214836,-0.00019180590524214836,0.00029659014262470307,0.00019180590524214836
0.1426744150230661,0.14126569213112816,5.6047311165716165,1.3017866788738832,-1.686381322957203,0.41464866102082887,1.2866789098930662,-1.5956409519162296,12.0,0.8,0.5938884086018048,0.4851874776647796,False,approach,32.0,-0.00019180590524214836,0.00019180590524214836,0.00019180590524214836,-0.00019180590524214836,0.00029659014262470307,0.00019180590524214836
0.14483389997621998,0.1434680184465833,5.824524493692028,1.2979505607690545,-1.7719844357976697,0.3791866941329065,1.2832399789154814,-1.5888032820278182,12.0,0.8,0.6114582904815589,0.5814762312545629,False,approach,32.0,-0.00019180590524214836,0.00019180590524214836,0.00019180590524214836,-0.00019180590524214836,0.00029659014262470307,0.00019180590524214836
0.14717428502626717,0.14556172885932028,6.0223385331004184,1.2944980544747082,-1.765941863126578,0.4043945983062489,1.2795336398334964,-1.5778626645351153,12.0,0.8,0.6315321677497704,0.6024225509283992,False,approach,32.0,-0.00019180590524214836,0.00019180590524214836,0.00019180590524214836,-0.00019180590524214836,0.00029659014262470307,0.00019180590524214836
0.14936397899873555,0.14556172885932028,6.0223385331004184,1.2944980544747082,-1.765941863126578,0.4043945983062489,1.276092973549132,-1.564169463439102,12.0,0.8,0.6513044956275893,0.5918614442706551,False,approach,32.0,-0.00019180590524214836,0.00019180590524214836,0.00019180590524214836,-0.00019180590524214836,0.00029659014262470307,0.00019180590524214836
0.15158092498313636,0.14556172885932028,6.0223385331004184,1.2944980544747082,-1.765941863126578,0.4043945983062489,1.2726439131009186,-1.5467685507124151,12.0,0.8,0.6723176078901838,0.5854065613360389,False,approach,32.0,-0.00019180590524214836,0.00019180590524214836,0.00019180590524214836,-0.00019180590524214836,0.00029659014262470307,0.00019180590524214836
0.1537392280297354,0.15322057472076267,6.76963601530994,1.2814552529182883,-1.6581826504921082,0.6487830930037379,1.2693269848549646,-1.5262825844911183,12.0,0.8,0.6937541307814482,0.6537349668223559,False,approach,32.0,-0.00019180590524214836,0.00019180590524214836,0.00019180590524214836,-0.00019180590524214836,0.00029659014262470307,0.00019180590524214836
0.15593460301170126,0.15447930851951241,6.8795327038702485,1.2795371938658722,-1.610849164568556,0.6897993438620595,1.2660024787101514,-1.5017270661789328,12.0,0.8,0.7165681191061894,0.6414492159492384,False,approach,32.0,-0.00019180590524214836,0.00019180590524214836,0.00019180590524214836,-0.00019180590524214836,0.00029659014262470307,0.00019180590524214836
0.1581274020136334,0.15680424554739147,7.09932608099066,1.2757010757610434,-1.6420691233691969,0.8021667811093316,1.262739911796166,-1.473326594497983,12.0,0.8,0.7403896739983371,0.719849729516779,False,approach,32.0,-0.00019180590524214836,0.00019180590524214836,0.00019180590524214836,-0.00019180590524214836,0.00029659014262470307,0.00019180590524214836
0.16026272100862116,0.15887272846885026,7.2971401203990505,1.2722485694666972,-1.539345387960637,0.7803768978408492,1.2596268376771749,-1.4418232349742068,12.0,0.8,0.7645978244125127,0.6911547653273891,False,approach,32.0,-0.00019180590524214836,0.00019180590524214836,0.00019180590524214836,-0.00019180590524214836,0.00029659014262470307,0.00019180590524214836
0.16245078097563237,0.16100790008204058,7.494954159807442,1.268796063172351,-1.6561684596017443,0.7410696574349593,1.2565110474765906,-1.4054727201067492,12.0,0.8,0.7904568685135536,0.8435932717604255,False,approach,32.0,-0.00019180590524214836,0.00019180590524214836,0.00019180590524214836,-0.00019180590524214836,0.00029659014262470307,0.00019180590524214836
0.16463366197422147,0.16325496305944398,7.692768199215832,1.2653435568780047,-1.6551613641565623,0.6897993438620595,1.2534864909545578,-1.3649708755369323,12.0,0.8,0.8173350771035787,0.9072026769179197,False,approach,32.0,-0.00019180590524214836,0.00019180590524214836,0.00019180590524214836,-0.00019180590524214836,0.00029659014262470307,0.00019180590524214836
0.16680016001919284,0.16546718927565962,7.890582238624325,1.2618910505836567,-1.5786221103227334,0.6479285877775229,1.2505767176904903,-1.3204545328875619,12.0,0.8,0.8450968402363983,0.9158589074665386,False,approach,32.0,-0.00019180590524214836,0.00019180590524214836,0.00019180590524214836,-0.00019180590524214836,0.00029659014262470307,0.00019180590524214836
0.16913432400906458,0.1675609863596037,8.066416940320694,1.258822156099793,-1.535317006179909,0.5983672846570531,1.2475553158070734,-1.267524605318054,12.0,0.8,0.8762380313666316,0.9552698685434802,False,approach,32.0,0.0009590295262071891,0.00019180590524214836,0.00019180590524214836,0.0005754177157246687,0.00029659014262470307,-0.00019180590524214836
0.17122787202242762,0.16991444339510053,8.286210317441107,1.2549860379949642,-1.5322957198443632,0.5483787289234758,1.244955360086219,-1.2155314802865074,12.0,0.8,0.9052735901709019,1.0383168469122452,False,approach,32.0,0.0009590295262071891,0.00019180590524214836,0.00019180590524214836,0.0005754177157246687,0.00029659014262470307,-0.00019180590524214836
0.1733135440154001,0.17201765289064497,8.440065681425455,1.252300755321583,-1.3923094529640707,0.5282978561074234,1.242477970759036,-1.1593571678492747,12.0,0.8,0.9352557255871865,1.00374413892846,False,approach,32.0,0.0009590295262071891,0.00019180590524214836,0.00019180590524214836,0.0005754177157246687,0.00029659014262470307,-0.00019180590524214836
0.17540238302899525,0.17405775381485,8.593921045409703,1.2496154726482036,-1.3167772945754237,0.5594872968642708,1.240118925819151,-1.0985955604183164,12.0,0.8,0.9663562464565161,1.0269430718335701,False,approach,32.0,0.0009590295262071891,0.00019180590524214836,0.00019180590524214836,0.0005754177157246687,0.00029659014262470307,-0.00019180590524214836
0.17748987901723012,0.17611362325260416,8.747776409394053,1.2469301899748224,-1.3147631036850598,0.6069123369192031,1.2378930036843183,-1.0332474206936693,12.0,0.8,0.99852612013359,1.1152924310406533,False,approach,32.0,0.0009590295262071891,0.00019180590524214836,0.00019180590524214836,0.0005754177157246687,0.00029659014262470307,-0.00019180590524214836
0.17957429902162403,0.17827294970629737,8.901631773378401,1.2442449073014412,-1.2442664225223226,0.6667277027542546,1.2358113939695565,-0.9632563151343942,12.0,0.8,1.0317519431512656,1.155357869078992,False,approach,32.0,0.0009590295262071891,0.00019180590524214836,0.00019180590524214836,0.0005754177157246687,0.00029659014262470307,-0.00019180590524214836
0.1816650609835051,0.18036379164550453,9.055487137362649,1.2415596246280618,-1.2543373769741422,0.7769588769359892,1.2338750869524338,-0.8881678024111866,12.0,0.8,1.0662033565254416,1.2669245640682696,False,approach,32.0,0.0009590295262071891,0.00019180590524214836,0.00019180590524214836,0.0005754177157246687,0.00029659014262470307,-0.00019180590524214836
0.1837577170226723,0.18241214158479124,9.187363163634977,1.2392579537651631,-1.1254291599908512,0.8598458838788439,1.2320994673719936,-0.8079840322769422,12.0,0.8,1.101830798622227,1.26988506407532,False,approach,32.0,0.0009590295262071891,0.00019180590524214836,0.00019180590524214836,0.0005754177157246687,0.00029659014262470307,-0.00019180590524214836
0.1858471970190294,0.18451509095029905,9.319239189907204,1.2369562829022662,-1.053925383382932,0.8645456626230263,1.2304993160541666,-0.722774135918966,12.0,0.8,1.1385640564077935,1.3260014522017711,False,approach,32.0,0.0009590295262071891,0.00019180590524214836,0.00019180590524214836,0.0005754177157246687,0.00029659014262470307,-0.00019180590524214836
0.18798309698468074,0.1866176498006098,9.42913587846741,1.2350382238498518,-0.9723506523231862,0.9410238803692685,1.229053394157254,-0.6302184046552922,12.0,0.8,1.1773292435531684,1.3792170853763082,False,approach,32.0,0.0009590295262071891,0.00019180590524214836,0.00019180590524214836,0.0005754177157246687,0.00029659014262470307,-0.00019180590524214836
0.19022360898088664,0.18875164963537827,9.539032567027718,1.2331201647974357,-0.9179674982833603,1.0286106660563057,1.227755778114594,-0.5270523049557946,12.0,0.8,1.219334137333385,1.4676936518013375,False,approach,32.0,0.0009590295262071891,0.00019180590524214836,0.00019180590524214836,0.0005754177157246687,0.00029659014262470307,-0.00019180590524214836
0.192348446988035,0.1909834187827073,9.648929255587923,1.2312021057450213,-0.846463721675434,1.129442282749677,1.226745058588043,-0.4233169313778995,12.0,0.8,1.2604581942212754,1.5454910605755638,False,approach,32.0,0.0009590295262071891,0.00019180590524214836,0.00019180590524214836,0.0005754177157246687,0.00029659014262470307,-0.00019180590524214836
0.19447653199313208,0.1931542542297393,9.736846606436108,1.2296676585030895,-0.7679102769512411,1.1426871137560095,1.225959966952618,-0.3135262352258317,12.0,0.8,1.3029204601644613,1.621935394939131,False,approach,32.0,0.0009590295262071891,0.00019180590524214836,0.00019180590524214836,0.0005754177157246687,0.00029659014262470307,-0.00019180590524214836
0.19657337601529434,0.19526768708601594,9.824763957284294,1.2281332112611576,-0.6813000686655926,1.1512321660181595,1.2254211286498382,-0.19943595440733097,12.0,0.8,1.3460258414347934,1.6989721415055699,False,approach,32.0,0.0009590295262071891,0.00019180590524214836,0.00019180590524214836,0.0005754177157246687,0.00029659014262470307,-0.00019180590524214836
0.19866077200276777,0.19736463838489726,9.890701970420356,1.22698237582971,-0.5856260013733134,1.1503776607919445,1.2251285452418472,-0.07989392654149774,12.000005676575185,0.8000002027348281,1.3902034619761126,1.7725432467933078,False,approach,32.0,0.0009590295262071891,0.00019180590524214836,0.00019180590524214836,0.0005754177157246687,0.00029659014262470307,-0.00019180590524214836
0.20076586201321334,0.19941697240574285,9.934660645844499,1.2262151522087432,-0.4526894026092947,1.1520866712443745,1.2250924249931734,0.04596964399842627,12.000410892379257,0.8000146747278307,1.4090408823540526,1.7945022494191236,False,withdrawal,32.0,0.0009590295262071891,0.00019180590524214836,0.00019180590524214836,0.0005754177157246687,0.00029659014262470307,-0.00019180590524214836
0.20286757498979568,0.20151283085579053,9.97861932126854,1.2254479285877782,-0.343923094529643,1.1841306172274368,1.2253180279247506,0.1676249905607747,12.00221031299244,0.8000789397497301,1.3814259378260216,1.7891456922987141,False,withdrawal,32.0,0.0009590295262071891,0.00019180590524214836,0.00019180590524214836,0.0005754177157246687,0.00029659014262470307,-0.00019180590524214836
0.20495881902752444,0.203625590831507,10.022577996692684,1.2246807049668114,-0.3328450446326343,1.1819943541618994,1.225789544515329,0.2822677720769455,12.006373752222594,0.8002276340079498,1.354416515832761,1.8599599318469835,False,withdrawal,32.0,0.0009590295262071891,0.00019180590524214836,0.00019180590524214836,0.0005754177157246687,0.00029659014262470307,-0.00019180590524214836
0.20711227197898552,0.20580616249935701,10.022577996692684,1.2246807049668114,-0.1455252918287897,1.2200198367284667,1.2265186749321815,0.39382141016898414,12.014116726014414,0.8005041687862291,1.3270935933394938,1.780924462412681,False,withdrawal,32.0,0.0009590295262071891,0.00019180590524214836,0.00019180590524214836,0.0005754177157246687,0.00029659014262470307,-0.00019180590524214836
0.20936067000729963,0.20787713676691055,10.022577996692684,1.2246807049668114,-0.0417944609750549,1.147386892500192,1.2275286796600982,0.5034521423386201,12.026966780111428,0.8009630992896939,1.2990986678295284,1.770073574123586,False,withdrawal,32.0,0.0009590295262071891,0.00019180590524214836,0.00019180590524214836,0.0005754177157246687,0.00029659014262470307,-0.00019180590524214836
0.2119553160155192,0.21021842124173418,10.022577996692684,1.2246807049668114,0.07905699244678033,1.1349965667200745,1.2289900836653989,0.6215442788197745,12.04915719707008,0.8017556141810743,1.267471553704616,1.7543381625370063,False,withdrawal,32.0,0.0009590295262071891,0.00019180590524214836,0.00019180590524214836,0.0005754177157246687,0.00029659014262470307,-0.00019180590524214836
0.21418678102781996,0.21021842124173418,10.022577996692684,1.2246807049668114,0.07905699244678033,1.1349965667200745,1.2304837362028733,0.7161155515438793,12.07560837639715,0.8027002991570411,1.2408553420862083,1.8222975706566873,False,withdrawal,32.0,0.0009590295262071891,0.00019180590524214836,0.00019180590524214836,0.0005754177157246687,0.00029659014262470307,-0.00019180590524214836
0.2164100889931433,0.21021842124173418,10.022577996692684,1.2246807049668114,0.07905699244678033,1.1349965667200745,1.2321748411347377,0.8041159937289892,12.109637048464924,0.8039156088737474,1.2148751435802616,1.888512661050802,False,withdrawal,32.0,0.0009590295262071891,0.00019180590524214836,0.00019180590524214836,0.0005754177157246687,0.00029659014262470307,-0.00019180590524214836
0.21854311297647655,0.21786587376846,9.934660645844499,1.2262151522087432,0.3278095674067316,1.164476997024492,1.2339750125281357,0.882879375294722,12.150212302009248,0.8053647250717589,1.190456633358889,1.7317742268987901,False,withdrawal,32.0,0.0009590295262071891,0.00019180590524214836,0.00019180590524214836,0.0005754177157246687,0.00029659014262470307,-0.00019180590524214836
0.22064627998042852,0.21936795400688425,9.912681308132479,1.2265987640192257,0.32680247196154255,1.1790035858701469,1.2359088868587378,0.9552740474345972,12.198454435163097,0.807087658398682,1.1668667497328389,1.7876675111950762,False,withdrawal,32.0,0.0009590295262071891,0.00019180590524214836,0.00019180590524214836,0.0005754177157246687,0.00029659014262470307,-0.00019180590524214836
0.22273822402348742,0.22142027103109285,9.868722632708335,1.2273659876401926,0.4063630121309245,1.1807125963225769,1.237978184360391,1.022251300060366,12.255113117801216,0.8091111827786149,1.1438830935158877,1.7722588658563647,False,withdrawal,32.0,0.0009590295262071891,0.00019180590524214836,0.00019180590524214836,0.0005754177157246687,0.00029659014262470307,-0.00019180590524214836
0.2248449880280532,0.22346995444968343,9.802784619572273,1.2285168230716401,0.4476539253833778,1.1990844586861993,1.2401985529442545,1.0847866912548967,12.321433938844585,0.8114797835301638,1.1212214280575141,1.7821774499037546,False,withdrawal,32.0,0.0009590295262071891,0.00019180590524214836,0.00019180590524214836,0.0005754177157246687,0.00029659014262470307,-0.00019180590524214836
0.2269983310252428,0.2256212107022293,9.758825944148128,1.229284046692607,0.4647745479514782,1.1965209430075543,1.2425988534256094,1.1437657611077965,12.399318286455056,0.8142613673733949,1.0985620152861404,1.8165328555504565,False,withdrawal,32.0,0.0009590295262071891,0.00019180590524214836,0.00019180590524214836,0.0005754177157246687,0.00029659014262470307,-0.00019180590524214836
0.22912896098569036,0.22781331866281107,9.670908593299945,1.2308184939345388,0.5554131380178546,1.1512321660181595,1.2450937224569436,1.1973661113913792,12.486874503395516,0.8173883751212685,1.076642709308905,1.7796205941855185,False,withdrawal,32.0,0.0009590295262071891,0.00019180590524214836,0.00019180590524214836,0.0005754177157246687,0.00029659014262470307,-0.00019180590524214836
0.23125402902951464,0.22991842339979485,9.60497058016378,1.2319693293659881,0.6118104829480444,1.147386892500192,1.2476909596334824,1.2462680791250675,12.584996956562405,0.8208927484486573,1.0552772737146385,1.7739555826831384,False,withdrawal,32.0,0.0009590295262071891,0.00019180590524214836,0.00019180590524214836,0.0005754177157246687,0.00029659014262470307,-0.00019180590524214836
0.2334930479992181,0.23201159783639014,9.539032567027718,1.2331201647974357,0.6430304417486852,1.1503776607919445,1.2505346273603923,1.2930337373532317,12.700430012911651,0.8250153576039876,1.033302766066011,1.790736630426267,False,withdrawal,32.0,-0.0005754177157246687,0.00019180590524214836,0.00019180590524214836,-0.0005754177157246687,0.00029659014262470307,0.00019180590524214836
0.23558810900431126,0.2342646840843372,9.451115216179533,1.2346546120393675,0.7276264591439698,1.126024261844817,1.2532856853879748,1.3325224492697199,12.819949903952244,0.8292839251411517,1.0132395552311806,1.7537195032108106,False,withdrawal,32.0,-0.0005754177157246687,0.00019180590524214836,0.00019180590524214836,-0.0005754177157246687,0.00029659014262470307,0.00019180590524214836
0.23768305900739506,0.23641097149811685,9.363197865331347,1.2361890592812994,0.7034561684596028,1.120042725261312,1.256115124734917,1.3680250655944841,12.950847115878409,0.8339588255670861,0.9936589000140839,1.8059414242878902,False,withdrawal,32.0,-0.0005754177157246687,0.00019180590524214836,0.00019180590524214836,-0.0005754177157246687,0.00029659014262470307,0.00019180590524214836
0.23977378202835098,0.23841218801680952,9.297259852195184,1.2373398947127487,0.7346761272602436,1.1055161364156572,1.259008972184604,1.3996223743299037,13.093041054595616,0.8390371805212721,0.9745972647722791,1.8162260100660228,False,withdrawal,32.0,-0.0005754177157246687,0.00019180590524214836,0.00019180590524214836,-0.0005754177157246687,0.00029659014262470307,0.00019180590524214836
0.24186177900992334,0.2405170422862284,9.209342501346999,1.2388743419546806,0.72259098191806,1.055527580682078,1.2619611044829213,1.427491770846103,13.246749524289786,0.8445267687246353,0.9560379047405734,1.8571700508237834,False,withdrawal,32.0,-0.0005754177157246687,0.00019180590524214836,0.00019180590524214836,-0.0005754177157246687,0.00029659014262470307,0.00019180590524214836
0.24394807300996035,0.24261573771946132,9.099445812786792,1.240792401007095,0.7648889906157024,1.0281834134431982,1.2649652254020487,1.451791796368903,13.412146840574078,0.8504338157347885,0.9379693801743763,1.8463442246465336,False,withdrawal,32.0,-0.0005754177157246687,0.00019180590524214836,0.00019180590524214836,-0.0005754177157246687,0.00029659014262470307,0.00019180590524214836
0.2460555270081386,0.24475542467553169,9.011528461938607,1.2423268482490268,0.851499198901351,1.0256198977645532,1.2680476231500932,1.4728724332634813,13.591313659174478,0.8568326306848029,0.9201993550746421,1.8021913373476866,False,withdrawal,32.0,-0.0005754177157246687,0.00019180590524214836,0.00019180590524214836,-0.0005754177157246687,0.00029659014262470307,0.00019180590524214836
0.24814068898558617,0.24681105453055352,8.901631773378401,1.2442449073014412,0.9179674982833603,1.0034027618829633,1.2711376666945813,1.490431764852362,13.78061242832876,0.8635933010117415,0.9030926736961888,1.7680676736989394,False,withdrawal,32.0,-0.0005754177157246687,0.00019180590524214836,0.00019180590524214836,-0.0005754177157246687,0.00029659014262470307,0.00019180590524214836
0.2503166560200043,0.24886737478664145,8.769755747106073,1.24654657816434,0.9733577477683681,0.9217975127794311,1.2743976868151692,1.5053951670985015,13.99094524822418,0.8711051874365779,0.8857437954668708,1.7388676875918154,False,withdrawal,32.0,-0.0005754177157246687,0.00019180590524214836,0.00019180590524214836,-0.0005754177157246687,0.00029659014262470307,0.00019180590524214836
0.2524261149810627,0.25106502760900185,8.637879720833846,1.2488482490272368,1.130464637216754,0.9243610284580761,1.2775857722935828,1.5167568015725872,14.207318074372946,0.8788327883704624,0.8694138094196648,1.617183163060834,False,withdrawal,32.0,-0.0005754177157246687,0.00019180590524214836,0.00019180590524214836,-0.0005754177157246687,0.00029659014262470307,0.00019180590524214836
0.2546212890301831,0.2532132006599568,8.506003694561517,1.2511499198901355,1.0911879148546575,0.938887617303731,1.2809254134115031,1.52543137122897,14.44547857481252,0.8873385205290186,0.8529291998129473,1.6683713996589227,False,withdrawal,32.0,-0.0005754177157246687,0.00019180590524214836,0.00019180590524214836,-0.0005754177157246687,0.00029659014262470307,0.00019180590524214836
0.2567517780116759,0.255418574961368,8.374127668289292,1.2534515907530324,1.051911192492561,0.9803311207751584,1.2841816677774036,1.5309109715221365,14.689224389965215,0.8960437282130435,0.8374247243395982,1.7180304690863866,False,withdrawal,32.0,-0.0005754177157246687,0.00019180590524214836,0.00019180590524214836,-0.0005754177157246687,0.00029659014262470307,0.00019180590524214836
0.25890782702481374,0.2575114968349226,8.220272304304942,1.2561368734264136,1.2764934767681382,1.0256198977645532,1.2874858255695296,1.533639189096114,14.948428097289552,0.9053010034746269,0.8222278689630578,1.5236396974095139,False,withdrawal,32.0,-0.0005754177157246687,0.00019180590524214836,0.00019180590524214836,-0.0005754177157246687,0.00029659014262470307,0.00019180590524214836
0.26109657797496766,0.25975716579705477,8.066416940320694,1.258822156099793,1.1949187457083994,1.1204699778744196,1.2908430792645207,1.5336419661752034,15.22431795256876,0.9151542125917415,0.8073060391887223,1.6047867366961481,False,withdrawal,32.0,-0.0005754177157246687,0.00019180590524214836,0.00019180590524214836,-0.0005754177157246687,0.00029659014262470307,0.00019180590524214836
0.26326114300172776,0.2619236935279332,7.912561576336346,1.2615074387731742,1.2442664225223155,1.1755855649652869,1.2941603796210157,1.5310321665437934,15.509623997345884,0.9253437141909244,0.7930474335788744,1.5648391472120313,False,withdrawal,32.0,-0.0005754177157246687,0.00019180590524214836,0.00019180590524214836,-0.0005754177157246687,0.00029659014262470307,0.00019180590524214836
0.26536655402742326,0.26406771707115695,7.7367268746399755,1.2645763332570379,1.3882810711833358,1.1614862287327394,1.2973790620651047,1.5261211699876296,15.798831445119635,0.9356725516114155,0.7796513110689205,1.426869291410121,False,withdrawal,32.0,-0.0005754177157246687,0.00019180590524214836,0.00019180590524214836,-0.0005754177157246687,0.00029659014262470307,0.00019180590524214836
0.26749644201481715,0.2661170811043121,7.582871510655626,1.267261615930419,1.410437170977339,1.2076295109483492,1.3006222218198973,1.5188895917650165,16.102918802391205,0.9465328143711145,0.7665711017321022,1.4064280046424642,False,withdrawal,32.0,-0.0005754177157246687,0.00019180590524214836,0.00019180590524214836,-0.0005754177157246687,0.00029659014262470307,0.00019180590524214836
0.2696071940008551,0.2682989157619886,7.407036808959257,1.2703305104142828,1.5030899519340792,1.2131837949187467,1.3038187702522628,1.5095901247645498,16.41545937883153,0.9576949778154119,0.7540735134277601,1.3100238653405498,False,withdrawal,32.0,-0.0005754177157246687,0.00019180590524214836,0.00019180590524214836,-0.0005754177157246687,0.00029659014262470307,0.00019180590524214836
0.2717086970224045,0.2704167172196321,7.209222769550865,1.273783016708629,1.5423666742961757,1.2247196154726492,1.3069796887527012,1.498331826916378,16.737427030440713,0.9691938225157398,0.7420876160731869,1.2550361900083926,False,withdrawal,32.0,-0.0005754177157246687,0.00019180590524214836,0.00019180590524214836,-0.0005754177157246687,0.00029659014262470307,0.00019180590524214836
0.27383522799937055,0.2724745550658554,7.033388067854496,1.2768519111924928,1.5574731059739086,1.1999389639124143,1.310152114348289,1.4850177440761447,17.073901940472947,0.9812107835883196,0.730419823599104,1.2278902444561175,False,withdrawal,32.0,-0.0005754177157246687,0.00019180590524214836,0.00019180590524214836,-0.0005754177157246687,0.00029659014262470307,0.00019180590524214836
0.27606903697596863,0.2746166941942647,6.835574028446104,1.280304417486839,1.4708628976882565,1.1110704203860546,1.3134519098398896,1.4690684891487003,17.43856342271095,0.9942344079539625,0.7186588907686944,1.2949194757592397,False,withdrawal,32.0,-0.0005754177157246687,0.00019180590524214836,0.00019180590524214836,-0.0005754177157246687,0.00029659014262470307,0.00019180590524214836
0.2781518939882517,0.2746166941942647,6.835574028446104,1.280304417486839,1.4708628976882565,1.1110704203860546,1.3164947821914756,1.452491256633667,17.788587907982468,1.0067352824279454,0.708146423427312,1.33342652815193,False,withdrawal,32.0,-0.0005754177157246687,0.00019180590524214836,0.00019180590524214836,-0.0005754177157246687,0.00029659014262470307,0.00019180590524214836
0.2802337390021421,0.2746166941942647,6.835574028446104,1.280304417486839,1.4708628976882565,1.1110704203860546,1.319500048205668,1.4343772904373127,18.1477402977945,1.0195621534926609,0.6980729236145087,1.3721857064078145,False,withdrawal,32.0,-0.0005754177157246687,0.00019180590524214836,0.00019180590524214836,-0.0005754177157246687,0.00029659014262470307,0.00019180590524214836
0.28231871098978445,0.2822824685717933,6.132235221660625,1.2925799954222938,1.647104600595103,0.7389333943694218,1.3224705033752786,1.4147841985884668,18.51638672503105,1.0327280973225377,0.688415278480146,1.0019556764117077,False,withdrawal,32.0,-0.0005754177157246687,0.00019180590524214836,0.00019180590524214836,-0.0005754177157246687,0.00029659014262470307,0.00019180590524214836
0.28440477402182296,0.28302775602787733,6.044317870812439,1.2941144426642257,1.6944380865186552,0.7235523002975519,1.3254001953916141,1.3938208900089353,18.89381378257587,1.0462076350919953,0.6791803133107372,0.9557794931613095,False,withdrawal,32.0,-0.0005754177157246687,0.00019180590524214836,0.00019180590524214836,-0.0005754177157246687,0.00029659014262470307,0.00019180590524214836
0.2865077599999495,0.2851233844412491,5.846503831404049,1.297566948958572,1.6873884184023815,0.7671320668345167,1.328308027918062,1.371404257954982,19.28259364424997,1.0600926301517846,0.6702993587343679,0.9280946127610284,False,withdrawal,32.0,-0.0005754177157246687,0.00019180590524214836,0.00019180590524214836,-0.0005754177157246687,0.00029659014262470307,0.00019180590524214836
0.2886150439735502,0.28726388548966497,5.6267104542836375,1.3014030670634007,1.748821240558481,0.7726863508049142,1.3311732374651664,1.3477420201801746,19.68009356350084,1.0742890558393157,0.6618278895096055,0.8168326114407374,False,withdrawal,32.0,-0.0005754177157246687,0.00019180590524214836,0.00019180590524214836,-0.0005754177157246687,0.00029659014262470307,0.00019180590524214836
0.29070614697411656,0.28942123951856047,5.428896414875246,1.304855573357747,1.7105516136415666,0.8688181887541013,1.3339659900330034,1.3231639315307882,20.081948014275923,1.0886410005098544,0.653840156922864,0.8167079174310046,False,withdrawal,32.0,-0.0005754177157246687,0.00019180590524214836,0.00019180590524214836,-0.0005754177157246687,0.00029659014262470307,0.00019180590524214836
0.29279839200899005,0.2914109116536565,5.2091030377547325,1.3086916914625775,1.8223392080567642,0.9098344396124212,1.3367077621798482,1.2975654347506642,20.490958391240678,1.1032485139728814,0.6462608698913822,0.6413811236731369,False,withdrawal,32.0,-0.0005754177157246687,0.00019180590524214836,0.00019180590524214836,-0.0005754177157246687,0.00029659014262470307,0.00019180590524214836
0.2949080819962546,0.29353183222701773,5.011288998346342,1.3121441977569237,1.7327077134355697,0.9918669413290608,1.3394171679265081,1.2708199290802038,20.90993728495565,1.1182120458912732,0.6390316538245997,0.692819265328875,False,withdrawal,32.0,-0.0005754177157246687,0.00019180590524214836,0.00019180590524214836,-0.0005754177157246687,0.00029659014262470307,0.00019180590524214836
0.2971559980069287,0.2956655263551511,4.7914956212259305,1.3159803158617525,1.7055161364156568,1.0170748455024032,1.3422409535889124,1.2413858745509592,21.363070962354968,1.1343953915126774,0.6317797767752844,0.6662804139364127,False,withdrawal,32.0,-0.0009590295262071891,0.00019180590524214836,0.00019180590524214836,-0.0005754177157246687,0.00029659014262470307,0.00019180590524214836
0.2993039709981531,0.297910240245983,4.571702244105417,1.319816433966583,1.752849622339209,1.0021210040436408,1.3448764726348044,1.212448472037539,21.80197876068783,1.1500706700245653,0.6252793583875685,0.5501382761646595,False,withdrawal,32.0,-0.0009590295262071891,0.00019180590524214836,0.00019180590524214836,-0.0005754177157246687,0.00029659014262470307,0.00019180590524214836
0.30148801300674677,0.3000636553624645,4.3519088669850055,1.3236525520714117,1.7397573815518435,0.9136797131303886,1.3474917141386764,1.1823007976442952,22.253628901002926,1.166201032178676,0.6190937306532359,0.49949515306122805,False,withdrawal,32.0,-0.0009590295262071891,0.00019180590524214836,0.00019180590524214836,-0.0005754177157246687,0.00029659014262470307,0.00019180590524214836
0.30364928202470765,0.3023674552096054,4.132115489864594,1.3274886701762405,1.7478141451132991,0.7466239414053568,1.3500141663408753,1.1518335921560787,22.70534260256514,1.1823336643773263,0.6133873916907016,0.42018862832596704,False,withdrawal,32.0,-0.0009590295262071891,0.00019180590524214836,0.00019180590524214836,-0.0005754177157246687,0.00029659014262470307,0.00019180590524214836
0.3058301489800215,0.3044221486779861,3.9123221127440804,1.331324788281071,1.7870908674753956,0.634256504158083,1.3524921268513586,1.1205348671550308,23.16538846597078,1.1987638737846706,0.6080412642711188,0.29934763200409903,False,withdrawal,32.0,-0.0009590295262071891,0.00019180590524214836,0.00019180590524214836,-0.0005754177157246687,0.00029659014262470307,0.00019180590524214836
0.3080032099969685,0.30662225920241326,3.692528735623669,1.3351609063858998,1.6944380865186552,0.5710231174181732,1.3548927961449608,1.0888747516218102,23.627436698343978,1.2152655963694279,0.6031194045887631,0.33341309348680565,False,withdrawal,32.0,-0.0009590295262071891,0.00019180590524214836,0.00019180590524214836,-0.0005754177157246687,0.00029659014262470307,0.00019180590524214836
0.31011507398216054,0.30882066738558933,3.494714696215278,1.338613412680246,1.7065232318608388,0.5129167620355535,1.3571595222972035,1.057728444507524,24.079402417232917,1.2314072291868898,0.5987173242090205,0.2463659695442098,False,withdrawal,32.0,-0.0009590295262071891,0.00019180590524214836,0.00019180590524214836,-0.0005754177157246687,0.00029659014262470307,0.00019180590524214836
0.3122102639754303,0.3108699919539504,3.2969006568067853,1.342065918974594,1.6118562600137345,0.5727321278706032,1.3593430269609796,1.026530027877171,24.530109164535922,1.247503898733426,0.5947150539760258,0.28832764230823055,False,withdrawal,32.0,-0.0009590295262071891,0.00019180590524214836,0.00019180590524214836,-0.0005754177157246687,0.00029659014262470307,0.00019180590524214836
0.31430094700772315,0.3129609547322616,3.121065955110517,1.345134813458456,1.6037994964522788,0.5774319066147857,1.3614564275278624,0.9951693701183357,24.98160185724219,1.2636286377586496,0.5910775531716876,0.229735160082927,False,withdrawal,32.0,-0.0009590295262071891,0.00019180590524214836,0.00019180590524214836,-0.0005754177157246687,0.00029659014262470307,0.00019180590524214836
0.3163857380277477,0.3150233654305339,2.9232519157020245,1.348587319752804,1.598764019226369,0.6398107881284805,1.3634984014684859,0.9637328450320185,25.433032859320193,1.2797511735471498,0.5877982027127233,0.1543503435414248,False,withdrawal,32.0,-0.0009590295262071891,0.00019180590524214836,0.00019180590524214836,-0.0005754177157246687,0.00029659014262470307,0.00019180590524214836
0.3185758020263165,0.3171218975330703,2.7254378762936335,1.3520398260471502,1.6199130235751902,0.6470740825513079,1.3655727705596066,0.9305998029405955,25.90797433411495,1.296713369075534,0.5847202872195284,0.04148979763585714,False,withdrawal,32.0,-0.0009590295262071891,0.00019180590524214836,0.00019180590524214836,-0.0005754177157246687,0.00029659014262470307,0.00019180590524214836
0.32072483701631427,0.31937305128667504,2.5276238368852426,1.3554923323414965,1.549416342412453,0.7120164797436495,1.3675376826542633,0.8980444608471052,26.37413916122268,1.3133621129008102,0.582058245976883,0.04425684071463243,False,withdrawal,32.0,-0.0009590295262071891,0.00019180590524214836,0.00019180590524214836,-0.0005754177157246687,0.00029659014262470307,0.00019180590524214836
0.3228384029935114,0.32146669208304957,2.3517891351888727,1.3585612268253602,1.5685511558709102,0.7474784466315718,1.3694019351664741,0.866046408057719,26.83215291979048,1.3297197471353743,0.5797789200947709,-0.06347597156116791,False,withdrawal,32.0,-0.0009590295262071891,0.00019180590524214836,0.00019180590524214836,-0.0005754177157246687,0.00029659014262470307,0.00019180590524214836
0.3249289459781721,0.32362165267113596,2.1759544334925027,1.361630121309224,1.4517280842297993,0.7701228351262692,1.3711794220038045,0.8344734124555303,27.284180962093128,1.3458636057890403,0.5778477257224907,0.007651975690621149,False,withdrawal,32.0,-0.0009590295262071891,0.00019180590524214836,0.00019180590524214836,-0.0005754177157246687,0.00029659014262470307,0.00019180590524214836
0.3269886380294338,0.32566034561023116,2.000119731796133,1.3646990157930876,1.4456855115587075,0.8192568856336315,1.3728662496565163,0.8034934610749558,27.72804271786348,1.3617158113522674,0.5762524298039269,-0.07176922981260025,False,withdrawal,32.0,-0.0009590295262071891,0.00019180590524214836,0.00019180590524214836,-0.0005754177157246687,0.00029659014262470307,0.00019180590524214836
0.3291223630076274,0.3277646383503452,1.8462643678118853,1.367384298466467,1.3459830624856934,0.7526054779888618,1.3745466047728938,0.7715862952735589,28.185743321146518,1.3780622614695186,0.5749139849429239,-0.014765595921836683,False,withdrawal,32.0,-0.0009590295262071891,0.00019180590524214836,0.00019180590524214836,-0.0005754177157246687,0.00029659014262470307,0.00019180590524214836
0.33126380399335176,0.3299105124315247,1.6924090038275361,1.3700695811398482,1.3016708628976872,0.620584420538643,1.3761648365757841,0.739807189786363,28.64237175681137,1.3943704198861204,0.5738841960246535,-0.03497931762153961,False,withdrawal,32.0,-0.0009590295262071891,0.00019180590524214836,0.00019180590524214836,-0.0005754177157246687,0.00029659014262470307,0.00019180590524214836
0.33337341202422976,0.3320729681290686,1.5385536398431867,1.3727548638132294,1.205996795605401,0.5744411383230332,1.3776927670389816,0.7087889734955988,29.088989720712334,1.410321061454012,0.5731687613852117,0.015584714119854737,False,withdrawal,32.0,-0.0009590295262071891,0.00019180590524214836,0.00019180590524214836,-0.0005754177157246687,0.00029659014262470307,0.00019180590524214836
0.3354917580145411,0.3341239608707838,1.3846982758588375,1.3754401464866106,1.207003891050583,0.4753185320820936,1.379161529780942,0.6779780899276472,29.533696280231485,1.4262034385796958,0.5727408293501332,-0.07185138335166319,False,withdrawal,32.0,-0.0009590295262071891,0.00019180590524214836,0.00019180590524214836,-0.0005754177157246687,0.00029659014262470307,0.00019180590524214836
0.337583763001021,0.3363169086514972,1.2528222495865091,1.3777418173495093,1.2090180819409468,0.379613946746014,1.3805483591234473,0.6479250676269052,29.96865104664879,1.4417375373803138,0.5725957234579807,-0.15224486616945176,False,withdrawal,32.0,-0.0009590295262071891,0.00019180590524214836,0.00019180590524214836,-0.0005754177157246687,0.00029659014262470307,0.00019180590524214836
0.3400421160040423,0.33836923126364127,1.1209462233142826,1.3800434882124062,1.1203936827649343,0.3321889066910817,1.3820983090175671,0.6131418796348913,30.473722450387303,1.4597758017995466,0.5727664843807381,-0.10508938434593007,False,withdrawal,32.0,-0.0009590295262071891,0.00019180590524214836,0.00019180590524214836,-0.0005754177157246687,0.00029659014262470307,0.00019180590524214836
0.34215584298362955,0.33836923126364127,1.1209462233142826,1.3800434882124062,1.1203936827649343,0.3321889066910817,1.3833631649654852,0.5837414834524828,30.90217693460004,1.4750777476642871,0.573198311878131,-0.1158201671734409,False,withdrawal,32.0,-0.0009590295262071891,0.00019180590524214836,0.00019180590524214836,-0.0005754177157246687,0.00029659014262470307,0.00019180590524214836
0.34426487097516656,0.33836923126364127,1.1209462233142826,1.3800434882124062,1.1203936827649343,0.3321889066910817,1.3845638007927967,0.5549140579293711,31.32379262607679,1.490135450931314,0.5738825574433322,-0.12716534443028094,False,withdrawal,32.0,-0.0009590295262071891,0.00019180590524214836,0.00019180590524214836,-0.0005754177157246687,0.00029659014262470307,0.00019180590524214836
0.3463517950149253,0.34602625347906724,0.6813594690733575,1.3877157244220655,0.8937972075989933,0.3539787899595641,1.3856925617331277,0.526923515089128,31.73472172419386,1.5048114901497809,0.5747999886025297,-0.04148026425620477,False,withdrawal,32.0,-0.0009590295262071891,0.00019180590524214836,0.00019180590524214836,-0.0005754177157246687,0.00029659014262470307,0.00019180590524214836
0.34843571501551196,0.34706842293962836,0.6374007936493159,1.3884829480430305,0.8575417715724427,0.3608148317692841,1.3867619921692544,0.49953726152652256,32.13837535440234,1.519227691228655,0.5759458452610868,-0.023253245825201274,False,withdrawal,32.0,-0.0009590295262071891,0.00019180590524214836,0.00019180590524214836,-0.0005754177157246687,0.00029659014262470307,0.00019180590524214836
0.35052154801087454,0.3492130553931929,0.5275041050890082,1.3904010070954467,0.8545204852368968,0.42362096589608633,1.3877758705665955,0.47272134961878903,32.535262563596746,1.5334022344141696,0.5773136891839032,-0.093547464701765,False,withdrawal,32.0,-0.0009590295262071891,0.00019180590524214836,0.00019180590524214836,-0.0005754177157246687,0.00029659014262470307,0.00019180590524214836
0.35261241998523474,0.35130347323138267,0.4395867542408233,1.3919354543373785,0.849485008010987,0.4633554589150837,1.3887367121618208,0.44646783063200157,32.92550529243664,1.5473394747298799,0.5788975121101686,-0.15002707787301528,False,withdrawal,32.0,-0.0009590295262071891,0.00019180590524214836,0.00019180590524214836,-0.0005754177157246687,0.00029659014262470307,0.00019180590524214836
0.354701730015222,0.3534242789610289,0.35166940339274005,1.3934699015793086,0.6792858777752357,0.5052262149996185,1.3896426840561007,0.42088843626614203,33.30742958460195,1.5609796280214985,0.5806835117200788,0.04985559143230445,False,withdrawal,32.0,-0.0009590295262071891,0.00019180590524214836,0.00019180590524214836,-0.0005754177157246687,0.00029659014262470307,0.00019180590524214836
0.3568026419961825,0.35542284924304113,0.263752052544555,1.3950043488212405,0.622888532845046,0.5449607080186158,1.3905005117855744,0.3958522666702639,33.68297219038397,1.5743918639422847,0.5826748172476167,0.07352814933984442,False,withdrawal,32.0,-0.0009590295262071891,0.00019180590524214836,0.00019180590524214836,-0.0005754177157246687,0.00029659014262470307,0.00019180590524214836
0.35890137997921556,0.35755640524439514,0.19781403940839082,1.3961551842526898,0.6097962920576805,0.5748683909361407,1.391305675676562,0.3715516689504086,34.04921749242848,1.5874720533010171,0.5848499088676252,0.04152125559562614,False,withdrawal,32.0,-0.0009590295262071891,0.00019180590524214836,0.00019180590524214836,-0.0005754177157246687,0.00029659014262470307,0.00019180590524214836
0.3611863169935532,0.35962412954540923,0.13187602627222664,1.3973060196841391,0.5050583657587566,0.6210116731517505,1.3921252047916555,0.3459267886142009,34.437389281617286,1.6013353314863317,0.5874175210234747,0.1541807649382942,False,withdrawal,32.0,0.0013426413366897094,0.00019180590524214836,0.00019180590524214836,0.0013426413366897094,0.00029659014262470307,0.00019180590524214836
0.3632846740074456,0.3619171229656786,0.08791735084818501,1.3980732433051042,0.36708628976882096,0.640238040741588,1.3928270830661538,0.3231788883876259,34.78377586037247,1.6137062807275884,0.5899478317667501,0.3366129205082391,False,withdrawal,32.0,0.0013426413366897094,0.00019180590524214836,0.00019180590524214836,0.0013426413366897094,0.00029659014262470307,0.00019180590524214836
0.36538755998481065,0.3640138870687224,0.02197933771202081,1.3992240787365535,0.36809338521401,0.6543373769741354,1.3934833960921211,0.3011533668645164,35.12087017198575,1.6257453632852055,0.5926385362391975,0.2821933419355997,False,withdrawal,32.0,0.0013426413366897094,0.00019180590524214836,0.00019180590524214836,0.0013426413366897094,0.00029659014262470307,0.00019180590524214836
0.3675124190049246,0.36612833745311946,0.0,1.399607690547036,0.3862211032272853,0.6564736400396747,1.3941003657936861,0.2796977585176136,35.45095323545405,1.6375340441233592,0.5955041847413503,0.2258286690019083,False,withdrawal,32.0,0.0013426413366897094,0.00019180590524214836,0.00019180590524214836,0.0013426413366897094,0.00029659014262470307,0.00019180590524214836
0.36964082397753373,0.36837314278818667,-0.0439586754241434,1.4003749141680029,0.264362554360261,0.6641641870756096,1.3946735305726143,0.2590262405235513,35.77066635830517,1.6489523699394704,0.5985115625501599,0.38576994483101945,False,withdrawal,32.0,0.0013426413366897094,0.00019180590524214836,0.00019180590524214836,0.0013426413366897094,0.00029659014262470307,0.00019180590524214836
0.37173831899417564,0.37042321782791987,-0.06593801313616421,1.4007585259784854,0.18681620508125718,0.6761272602426196,1.3951961840968892,0.23946899923171552,36.07476750538245,1.6598131251922301,0.6015984129949924,0.48833202163993283,False,withdrawal,32.0,0.0013426413366897094,0.00019180590524214836,0.00019180590524214836,0.0013426413366897094,0.00029659014262470307,0.00019180590524214836
0.3738301239791326,0.37246707605663687,-0.08791735084818501,1.401142137788968,0.1304188601510674,0.6923628595407045,1.3956774159531138,0.22077869268927003,36.36695180972518,1.6702482789187565,0.6047877134321973,0.5569757925544578,False,withdrawal,32.0,0.0013426413366897094,0.00019180590524214836,0.00019180590524214836,0.0013426413366897094,0.00029659014262470307,0.00019180590524214836
0.37591900199186057,0.3745720079750754,-0.08791735084818501,1.401142137788968,0.1102769512474282,0.6859540703440921,1.3961198137141408,0.2029325478158539,36.647453214120716,1.680266186218597,0.6080720107561728,0.5797026900756337,False,withdrawal,32.0,0.0013426413366897094,0.00019180590524214836,0.00019180590524214836,0.0013426413366897094,0.00029659014262470307,0.00019180590524214836
0.3779942949768156,0.37665787746664137,-0.1098966885603076,1.4015257495994522,0.12336919203478658,0.7333791103990244,1.3965232649639092,0.18601680773408422,36.914781527391646,1.6898136259782732,0.6114223839467927,0.5326195511753138,False,withdrawal,32.0,0.0013426413366897094,0.00019180590524214836,0.00019180590524214836,0.0013426413366897094,0.00029659014262470307,0.00019180590524214836
0.3800825119833462,0.37876110791694373,-0.1098966885603076,1.4015257495994522,0.03978027008469098,0.7607232776379043,1.3968946513546616,0.16981790852487189,37.1721896541584,1.6990067733627998,0.6148703811294081,0.6636571473689827,False,withdrawal,32.0,0.0013426413366897094,0.00019180590524214836,0.00019180590524214836,0.0013426413366897094,0.00029659014262470307,0.00019180590524214836
0.38226756697986275,0.3808529427042231,-0.1098966885603076,1.4015257495994522,0.09617761501488076,0.7367971313038844,1.3972479955611965,0.15375177286770053,37.42894035993831,1.7081764414263683,0.6185483145777639,0.5567833338845558,False,withdrawal,32.0,0.0013426413366897094,0.00019180590524214836,0.00019180590524214836,0.0013426413366897094,0.00029659014262470307,0.00019180590524214836
0.3843545219860971,0.3830143384402618,-0.08791735084818501,1.401142137788968,-0.06092927443350504,0.7816586556801717,1.3975535931095364,0.1392498006094913,37.66202233080669,1.7165007975288105,0.6221159747489002,0.8305716668569372,False,withdrawal,32.0,0.0013426413366897094,0.00019180590524214836,0.00019180590524214836,0.0013426413366897094,0.00029659014262470307,0.00019180590524214836
0.3864405350177549,0.38507412548642606,-0.08791735084818501,1.401142137788968,-0.04280155642022976,0.7602960250247968,1.3978296641116075,0.12557413218040234,37.88306063334386,1.7243950226194236,0.6257236784485007,0.7905832366357481,False,withdrawal,32.0,0.0013426413366897094,0.00019180590524214836,0.00019180590524214836,0.0013426413366897094,0.00029659014262470307,0.00019180590524214836
0.38852450501872227,0.38722140243044123,-0.08791735084818501,1.401142137788968,-0.01057450217440703,0.7936217288471816,1.3980778277151003,0.11272508155205363,38.091912406721974,1.7318540145257848,0.62935757899025,0.7261690271354767,False,withdrawal,32.0,0.0013426413366897094,0.00019180590524214836,0.00019180590524214836,0.0013426413366897094,0.00029659014262470307,0.00019180590524214836
0.3906284419936128,0.3893109591444954,-0.08791735084818501,1.401142137788968,-0.09214923323415292,0.7983215075913641,1.3983020644140967,0.10057020842637043,38.290607435562144,1.738950265555791,0.633044228024598,0.8594256175925419,False,withdrawal,32.0,0.0013426413366897094,0.00019180590524214836,0.00019180590524214836,0.0013426413366897094,0.00029659014262470307,0.00019180590524214836
0.39272815198637545,0.391419553081505,-0.06593801313616421,1.4007585259784854,-0.1455252918287897,0.8068665598535141,1.3985012066582572,0.08924914283190052,38.47673579233073,1.7455977068689545,0.636729009065771,0.9596964447575825,False,withdrawal,32.0,0.0013426413366897094,0.00019180590524214836,0.00019180590524214836,0.0013426413366897094,0.00029659014262470307,0.00019180590524214836
0.3948214700212702,0.39345966500695795,-0.06593801313616421,1.4007585259784854,-0.07402151522087763,0.8363469901579315,1.3986769137465886,0.07875611017100956,38.650242772187326,1.751794384720976,0.640395545385575,0.8275757135377242,False,withdrawal,32.0,0.0013426413366897094,0.00019180590524214836,0.00019180590524214836,0.0013426413366897094,0.00029659014262470307,0.00019180590524214836
0.39692569797625765,0.3955716411001049,-0.06593801313616421,1.4007585259784854,-0.032730601968410156,0.8397650110627914,1.3988322264580368,0.06899351870251758,38.812603568727965,1.7575929845974274,0.6440613403642358,0.7480862415780006,False,withdrawal,32.0,0.0013426413366897094,0.00019180590524214836,0.00019180590524214836,0.0013426413366897094,0.00029659014262470307,0.00019180590524214836
0.398998566030059,0.39766537700779736,-0.0439586754241434,1.4003749141680029,-0.09617761501488076,0.820538643472954,1.398965927519652,0.060130974080059116,38.96084475610043,1.7628873127178724,0.6476404105176716,0.8682995290321556,False,withdrawal,32.0,0.0013426413366897094,0.00019180590524214836,0.00019180590524214836,0.0013426413366897094,0.00029659014262470307,0.00019180590524214836
0.4010997579898685,0.39981920120771974,-0.0439586754241434,1.4003749141680029,-0.09214923323415292,0.817975127794309,1.3990834907692773,0.05189429451955737,39.09941147294336,1.7678361240336913,0.6512229041036949,0.8553743610473957,False,withdrawal,32.0,0.0013426413366897094,0.00019180590524214836,0.00019180590524214836,0.0013426413366897094,0.00029659014262470307,0.00019180590524214836
0.40341411298140883,0.40187654877081513,-0.0439586754241434,1.4003749141680029,-0.09315632867932777,0.815411612115664,1.399193905735384,0.04366897543544764,39.23863111707211,1.7728082541811467,0.6551000203024002,0.8513238945842341,False,withdrawal,32.0,0.0013426413366897094,0.00019180590524214836,0.00019180590524214836,0.0013426413366897094,0.00029659014262470307,0.00019180590524214836
0.4055042539839633,0.40187654877081513,-0.0439586754241434,1.4003749141680029,-0.09315632867932777,0.815411612115664,1.3992780696017433,0.03698014380927317,39.3525364201227,1.7768763007186683,0.6585250564773208,0.8465978545604991,False,withdrawal,32.0,0.0013426413366897094,0.00019180590524214836,0.00019180590524214836,0.0013426413366897094,0.00029659014262470307,0.00019180590524214836
0.40759951499057934,0.40187654877081513,-0.0439586754241434,1.4003749141680029,-0.09315632867932777,0.815411612115664,1.3993491238918074,0.030955086585858032,39.4557333299074,1.7805619046395502,0.6618716966784166,0.8423864470405273,False,withdrawal,32.0,0.0013426413366897094,0.00019180590524214836,0.00019180590524214836,0.0013426413366897094,0.00029659014262470307,0.00019180590524214836
0.40966697299154475,0.40962657070485875,0.0,1.399607690547036,-0.036758983749138,0.8260929274433515,1.3994075330240725,0.025652425519958243,39.54708137423316,1.7838243347940415,0.6650754309003316,0.7684907756750318,False,withdrawal,32.0,0.0013426413366897094,0.00019180590524214836,0.00019180590524214836,0.0013426413366897094,0.00029659014262470307,0.00019180590524214836
0.41176960797747597,0.41041176952421665,0.0,1.399607690547036,-0.08308537422750817,0.823956664377814,1.3994563519601597,0.02088649250432395,39.629657833326675,1.7867734940473814,0.6682195577266915,0.847996236914868,False,withdrawal,32.0,0.0013426413366897094,0.00019180590524214836,0.00019180590524214836,0.0013426413366897094,0.00029659014262470307,0.00019180590524214836
0.4138742469949648,0.4125658591510728,0.0,1.399607690547036,-0.07100022888532465,0.829938200961319,1.3994958220988805,0.016719223300903918,39.70228268543576,1.789367238765563,0.6712373499672841,0.8237582311595297,False,withdrawal,32.0,0.0013426413366897094,0.00019180590524214836,0.00019180590524214836,0.0013426413366897094,0.00029659014262470307,0.00019180590524214836
0.4159663420286961,0.41461601172341034,0.02197933771202081,1.3992240787365535,-0.08308537422750817,0.814557106889449,1.3995269639263674,0.013143071063355846,39.76496828997152,1.7916060103561258,0.6740947328499706,0.8585424137687606,False,withdrawal,32.0,0.0013426413366897094,0.00019180590524214836,0.00019180590524214836,0.0013426413366897094,0.00029659014262470307,0.00019180590524214836
0.41806404798990116,0.41676525096409023,0.02197933771202081,1.3992240787365535,-0.0417944609750549,0.8184023804074165,1.3995512421075342,0.010090314121075084,39.81878974079001,1.7935282050282146,0.676802859421697,0.7828869164481207,False,withdrawal,32.0,0.0013426413366897094,0.00019180590524214836,0.00019180590524214836,0.0013426413366897094,0.00029659014262470307,0.00019180590524214836
0.42014867800753564,0.4188201841316186,0.02197933771202081,1.3992240787365535,-0.0417944609750549,0.814557106889449,1.399569546439083,0.007549801579672296,39.863839168073035,1.7951371131454656,0.679324089848132,0.7816754758123129,False,withdrawal,32.0,0.0013426413366897094,0.00019180590524214836,0.00019180590524214836,0.0013426413366897094,0.00029659014262470307,0.00019180590524214836
0.42223200597800314,0.42086145846406,0.02197933771202081,1.3992240787365535,-0.00856031128404311,0.7949034866865041,1.3995830278248629,0.005464783479358637,39.90102436275633,1.7964651558127263,0.6816599879716089,0.7211780183386524,False,withdrawal,32.0,0.0013426413366897094,0.00019180590524214836,0.00019180590524214836,0.0013426413366897094,0.00029659014262470307,0.00019180590524214836
0.4244331819936633,0.4230792039888911,0.04395867542404162,1.398840466926071,-0.12236209658961172,0.8115663385976966,1.399593046510545,0.0037114000199604353,39.932479311186455,1.7975885468280874,0.6839123274380154,0.9405929696889836,False,withdrawal,32.0,0.0009590295262071891,0.00019180590524214836,0.00019180590524214836,0.0005754177157246687,0.00029659014262470307,0.00019180590524214836
0.4266152210184373,0.4252220113412477,0.04395867542404162,1.398840466926071,-0.001510643167776493,0.8064393072404066,1.3995996251599112,0.002382175995296887,39.95646881013742,1.798445314647765,0.6859095642354678,0.7232438689124634,False,withdrawal,32.0,0.0009590295262071891,0.00019180590524214836,0.00019180590524214836,0.0005754177157246687,0.00029659014262470307,0.00019180590524214836
0.4287728830240667,0.42741755209863186,0.04395867542404162,1.398840466926071,0.015609979400323937,0.8094300755321591,1.3996036679127624,0.0014192550322052653,39.97395084616988,1.7990696730774958,0.6876371128881119,0.6926151697661765,False,withdrawal,32.0,0.0009590295262071891,0.00019180590524214836,0.00019180590524214836,0.0005754177157246687,0.00029659014262470307,0.00019180590524214836
0.43095174501650035,0.4295167265809141,0.04395867542404162,1.398840466926071,-0.013595788509960016,0.7786678873884192,1.3996059806835444,0.000750009725099717,39.98617308090217,1.7995061814607918,0.6891149309818794,0.7455402491860001,False,withdrawal,32.0,0.0009590295262071891,0.00019180590524214836,0.00019180590524214836,0.0005754177157246687,0.00029659014262470307,0.00019180590524214836
0.43319455202436075,0.431877137045376,0.04395867542404162,1.398840466926071,-0.032730601968410156,0.7902037079423216,1.3996071391506435,0.0003222105155760898,39.99403267162899,1.799786881129607,0.690337902715927,0.7804882350070254,False,withdrawal,32.0,0.0009590295262071891,0.00019180590524214836,0.00019180590524214836,0.0005754177157246687,0.00029659014262470307,0.00019180590524214836
0.43536969798151404,0.4340213527320884,0.04395867542404162,1.398840466926071,0.05287251087204936,0.7902037079423216,1.3996075715093799,0.00010243058736943608,39.99809457708115,1.7999319491814698,0.6912170321457142,0.626917200354148,False,withdrawal,32.0,0.0009590295262071891,0.00019180590524214836,0.00019180590524214836,0.0005754177157246687,0.00029659014262470307,0.00019180590524214836
0.43752650800161064,0.43612948013469577,0.04395867542404162,1.398840466926071,-0.06898603799496072,0.7812314030670642,1.3996076807825617,1.575777038113439e-05,39.99970558419138,1.7999894851496923,0.6917727130442503,0.8466635482580521,False,withdrawal,32.0,0.0009590295262071891,0.00019180590524214836,0.00019180590524214836,0.0005754177157246687,0.00029659014262470307,0.00019180590524214836
0.43970349698793143,0.4383384149405174,0.06593801313606243,1.3984568551155885,-0.021652552071415698,0.7620050354772268,1.3996076905450052,2.7391300339019153e-08,39.999999485955485,1.7999999816412673,0.6919966778382559,0.77700473705872,False,withdrawal,32.0,0.0009590295262071891,0.00019180590524214836,0.00019180590524214836,0.0005754177157246687,0.00029659014262470307,0.00019180590524214836
0.4418899840093218,0.4405629063840024,0.06593801313606243,1.3984568551155885,-0.026688029297318394,0.7530327306019693,1.399607690547036,0,40,1.8,0.9281861722743532,1.0222580422674288,False,settling,32.0,0.0009590295262071891,0.00019180590524214836,0.00019180590524214836,0.0005754177157246687,0.00029659014262470307,0.00019180590524214836
0.44403021200560033,0.44276388647267595,0.06593801313606243,1.3984568551155885,0.0468299382009576,0.7461966887922493,1.399607690547036,0,40,1.8,0.9283242725261269,0.8900638010223056,False,settling,32.0,0.0009590295262071891,0.00019180590524214836,0.00019180590524214836,0.0005754177157246687,0.00029659014262470307,0.00019180590524214836
0.4462210580240935,0.4448191541596316,0.04395867542404162,1.398840466926071,0.08509956511787209,0.8013122758831166,1.399607690547036,0,40,1.8,0.9284163393606427,0.8059260669870746,False,settling,32.0,0.0009590295262071891,0.00019180590524214836,0.00019180590524214836,0.0005754177157246687,0.00029659014262470307,0.00019180590524214836
0.4483359269797802,0.4469711556448601,0.04395867542404162,1.398840466926071,0.09416342412451684,0.824811169604029,1.399607690547036,0,40,1.8,0.9285084061951585,0.7897031876096299,False,settling,32.0,0.0009590295262071891,0.00019180590524214836,0.00019180590524214836,0.0005754177157246687,0.00029659014262470307,0.00019180590524214836
0.45042659901082516,0.4490811151335947,0.04395867542404162,1.398840466926071,0.024673838406954474,0.8572823682001989,1.399607690547036,0,40,1.8,0.9286004730296743,0.9148765087357579,False,settling,32.0,0.0009590295262071891,0.00019180590524214836,0.00019180590524214836,0.0005754177157246687,0.00029659014262470307,0.00019180590524214836
0.4525100479950197,0.4512126957415603,0.04395867542404162,1.398840466926071,0.009567406729232175,0.8530098420691239,1.399607690547036,0,40,1.8,0.92869253986419,0.9421601525901738,False,settling,32.0,0.0009590295262071891,0.00019180590524214836,0.00019180590524214836,0.0005754177157246687,0.00029659014262470307,0.00019180590524214836
0.45459313498577103,0.45332545886049047,0.04395867542404162,1.398840466926071,0.03575188830396314,0.8654001678492413,1.399607690547036,0,40,1.8,0.9287846066987059,0.8951201525901739,False,settling,32.0,0.0009590295262071891,0.00019180590524214836,0.00019180590524214836,0.0005754177157246687,0.00029659014262470307,0.00019180590524214836
0.45667201501782984,0.45537928998237476,0.04395867542404162,1.398840466926071,0.01258869306477095,0.8965896086060887,1.399607690547036,0,40,1.8,0.9288766735332217,0.9369059708552356,False,settling,32.0,0.0009590295262071891,0.00019180590524214836,0.00019180590524214836,0.0005754177157246687,0.00029659014262470307,0.00019180590524214836
0.4587872039992362,0.45742219587555155,0.04395867542404162,1.398840466926071,0.028702220187682315,0.8700999465934238,1.399607690547036,0,40,1.8,0.9289687403677376,0.907993688868511,False,settling,32.0,0.0009590295262071891,0.00019180590524214836,0.00019180590524214836,0.0005754177157246687,0.00029659014262470307,0.00019180590524214836
0.46089982899138704,0.459518933610525,0.04395867542404162,1.398840466926071,0.049851224536510585,0.8807812619211113,1.399607690547036,0,40,1.8,0.9290608072022531,0.8700175478751359,False,settling,32.0,0.0009590295262071891,0.00019180590524214836,0.00019180590524214836,0.0005754177157246687,0.00029659014262470307,0.00019180590524214836
0.4629890380310826,0.4616635164129548,0.04395867542404162,1.398840466926071,0.03776607919432706,0.8888990615701537,1.399607690547036,0,40,1.8,0.929152874036769,0.8918628763255819,False,settling,32.0,0.0009590295262071891,0.00019180590524214836,0.00019180590524214836,0.0005754177157246687,0.00029659014262470307,0.00019180590524214836
0.4651136759785004,0.46379293693462387,0.04395867542404162,1.398840466926071,-0.021652552071415698,0.8940260929274437,1.399607690547036,0,40,1.8,0.9292449408712847,0.9989084794384347,False,settling,32.0,0.0009590295262071891,0.00019180590524214836,0.00019180590524214836,0.0005754177157246687,0.00029659014262470307,0.00019180590524214836
0.46748626400949433,0.4659173524705693,0.04395867542404162,1.398840466926071,0.0417944609750549,0.9235065232318611,1.399607690547036,0,40,1.8,0.9293370077058005,0.8847959227893034,False,settling,32.0,0.0009590295262071891,0.00019180590524214836,0.00019180590524214836,0.0005754177157246687,0.00029659014262470307,0.00019180590524214836
0.46970897098071873,0.4659173524705693,0.04395867542404162,1.398840466926071,0.0417944609750549,0.9235065232318611,1.399607690547036,0,40,1.8,0.9294290745403165,0.8848879896238192,False,settling,32.0,0.0009590295262071891,0.00019180590524214836,0.00019180590524214836,0.0005754177157246687,0.00029659014262470307,0.00019180590524214836
0.4719158280058764,0.4659173524705693,0.04395867542404162,1.398840466926071,0.0417944609750549,0.9235065232318611,1.399607690547036,0,40,1.8,0.9295211413748321,0.884980056458335,False,settling,32.0,0.0009590295262071891,0.00019180590524214836,0.00019180590524214836,0.0005754177157246687,0.00029659014262470307,0.00019180590524214836
0.4741044290130958,0.47366732748923823,0.02197933771202081,1.3992240787365535,0.04481574731059368,0.9205157549401086,1.399607690547036,0,40,1.8,0.9295671747920902,0.8642433020523224,False,settling,32.0,0.0009590295262071891,0.00019180590524214836,0.00019180590524214836,0.0005754177157246687,0.00029659014262470307,0.00019180590524214836
0.4762144290143624,0.47492197062820196,0.02197933771202081,1.3992240787365535,0.045822842755782744,0.9350423437857636,1.399607690547036,0,40,1.8,0.9296132082093481,0.86247656366824,False,settling,32.0,0.0009590295262071891,0.00019180590524214836,0.00019180590524214836,0.0005754177157246687,0.00029659014262470307,0.00019180590524214836
0.47829593397909775,0.47696265223203227,0.02197933771202081,1.3992240787365535,-0.051865415426874506,0.9170977340352486,1.399607690547036,0,40,1.8,0.9296592416266061,1.038361461814281,False,settling,32.0,0.0009590295262071891,0.00019180590524214836,0.00019180590524214836,0.0005754177157246687,0.00029659014262470307,0.00019180590524214836
0.4803854529745877,0.47901974769774824,0.02197933771202081,1.3992240787365535,-0.001510643167776493,0.9209430075532161,1.399607690547036,0,40,1.8,0.9297052750438641,0.9477689051651625,False,settling,32.0,0.0009590295262071891,0.00019180590524214836,0.00019180590524214836,0.0005754177157246687,0.00029659014262470307,0.00019180590524214836
0.48246655700495467,0.48112922260770574,0.02197933771202081,1.3992240787365535,0.04280155642022976,0.9132524605172812,1.399607690547036,0,40,1.8,0.929751308461122,0.8680529793240093,False,settling,32.0,0.0009590295262071891,0.00019180590524214836,0.00019180590524214836,0.0005754177157246687,0.00029659014262470307,0.00019180590524214836
